Description,Price,Rating,URL,Image link
"Orighty Burp Cloths, Super Soft & Highly Absorbent Coral Fleece, 20 x 10 Inch Gentle & Large Burp Rugs for Baby Sensitive Skin - Burping Cloths for Newborn Essential, 8 Pack",$8.99,4.8 out of 5 stars,https://www.amazon.com/sspa/click?ie=UTF8&spc=MTo2MTIyNTQyMTMzNDk0NjE4OjE2OTQ0MjM0ODk6c3BfYXRmOjIwMDEwMTA5NTk5NDg5ODo6MDo6&url=%2FOrighty-Burp-Cloths-Baby-Pack%2Fdp%2FB0B7JMPQ28%2Fref%3Dsr_1_1_sspa%3Fkeywords%3Dbaby%2Bcloth%26qid%3D1694423489%26sr%3D8-1-spons%26sp_csd%3Dd2lkZ2V0TmFtZT1zcF9hdGY%26psc%3D1,https://m.media-amazon.com/images/I/71KhCcznJ6L._AC_UL400_.jpg
Yoofoss Muslin Burp Cloths for Baby 10 Pack 100% Cotton Baby Washcloths for Boys Girls Large 20''X10'' Super Soft and Absorbent White,$18.95,4.7 out of 5 stars,https://www.amazon.com/Muslin-Cloths-Cotton-Absorbent-YOOFOSS/dp/B088RBY8Y5/ref=sr_1_2?keywords=baby+cloth&qid=1694423489&sr=8-2,https://m.media-amazon.com/images/I/51ByeYwSPsL._AC_UL400_.jpg
"Cute Castle 12 Pack Muslin Burp Cloths for Baby - Ultra-Soft 100% Cotton Baby Washcloths - Large 20'' by 10'' Super Absorbent Milk Spit Up Rags - Burpy Cloths for Unisex, Boy, Girl - White",$11.91,4.7 out of 5 stars,https://www.amazon.com/Cute-Castle-Pack-Muslin-Cloths/dp/B09SF1318T/ref=sr_1_3?keywords=baby+cloth&qid=1694423489&sr=8-3,https://m.media-amazon.com/images/I/71bYqB7dM8L._AC_UL400_.jpg
"SWEET DOLPHIN 12 Pack Muslin Burp Cloths Large 100% Cotton Hand Washcloths for Baby - Baby Essentials Extra Absorbent and Soft Boys & Girls Milk Spit Up Rags for Newborn Registry - White, 20"" X10""",$9.99,4.8 out of 5 stars,https://www.amazon.com/SWEET-DOLPHIN-Muslin-Cloths-Washcloths/dp/B0BW3SR8K5/ref=sr_1_4?keywords=baby+cloth&qid=1694423489&sr=8-4,https://m.media-amazon.com/images/I/71wQCPhPVeL._AC_UL400_.jpg
"Comfy Cubs Muslin Burp Cloths Large 100% Cotton Hand Washcloths for Babies, Baby Essentials 6 Layers Extra Absorbent and Soft Boys & Girls Baby Rags for Newborn Registry (White, 10-Pack, 20"" X10"")",$15.16,4.8 out of 5 stars,https://www.amazon.com/Muslin-Burp-Cloths-Baby-Boy-Girl-Burping/dp/B08CBJ2SSQ/ref=sr_1_5?keywords=baby+cloth&qid=1694423489&sr=8-5,https://m.media-amazon.com/images/I/51W2oPrwa7L._AC_UL400_.jpg
HIPHOP PANDA Bamboo Baby Washcloths - 2 Layer Soft Absorbent Newborn Bath Face Towel - Natural Baby Wipes for Delicate Skin - Baby Registry as Shower(6 Pack),$9.98,4.8 out of 5 stars,https://www.amazon.com/Organic-Bamboo-Baby-Washcloths-Hypoallergenic/dp/B07PF3B1K5/ref=sr_1_6?keywords=baby+cloth&qid=1694423489&sr=8-6,https://m.media-amazon.com/images/I/61jrCipyr3L._AC_UL400_.jpg
Gerber unisex-baby 8-pack Short Sleeve Onesies Bodysuits,$21.99,4.8 out of 5 stars,https://www.amazon.com/Gerber-Short-Sleeve-Onesies-Bodysuits-Animals/dp/B081DJ36G4/ref=sr_1_7?keywords=baby+cloth&qid=1694423489&sr=8-7,https://m.media-amazon.com/images/I/815hVSJKicL._AC_UL400_.jpg
The Peanutshell Newborn Clothes & Accessories Set | 30 Piece Layette Gift Set | Fits Newborn to 3 Months | Elephant & Funny Sayings,$69.99,4.8 out of 5 stars,https://www.amazon.com/Peanutshell-Newborn-Clothes-Accessories-Elephant/dp/B0BLTDSP24/ref=sr_1_8?keywords=baby+cloth&qid=1694423489&sr=8-8,https://m.media-amazon.com/images/I/71r7qT4sHjL._AC_UL400_.jpg
"MUKIN Baby Washcloths - Soft Face Cloths for Newborn, Absorbent Bath Face Towels, Baby Wipes, Burp Cloths or Face Towels, Baby Registry as Shower. Pack of 6-12x12 inches (Blue)",$12.99,4.7 out of 5 stars,https://www.amazon.com/MUKIN-Baby-Muslin-Washcloths-Cloths/dp/B09BKSW8GW/ref=sr_1_9?keywords=baby+cloth&qid=1694423489&sr=8-9,https://m.media-amazon.com/images/I/71WEHOwGKmL._AC_UL400_.jpg
"Burt's Bees Baby - 5 Pack of Burp Cloths, 100% Organic Cotton (1 Cloud, 1 Solid Color, 1 Honey Bee, 1 Stripe, 1 Alphabet Bee Print, Heather Grey)",$26.95,4.9 out of 5 stars,https://www.amazon.com/Burts-Bees-Baby-Absorbent-Organic/dp/B01HG74QLI/ref=sr_1_10?keywords=baby+cloth&qid=1694423489&sr=8-10,https://m.media-amazon.com/images/I/81VRJrLmKVL._AC_UL400_.jpg
"5-Pack Organic Burp Cloths for Baby Boys and Girls - Ultra Absorbent Burping Cloth, Burp Clothes, Newborn Towel - Milk Spit Up Rags - Burpy Cloth Bib for Unisex, Boy, Girl (Sweet Charm)",$21.96,4.8 out of 5 stars,https://www.amazon.com/5-Pack-Organic-Absorbent-Newborn-Clothes/dp/B0814QNTL6/ref=sr_1_11?keywords=baby+cloth&qid=1694423489&sr=8-11,https://m.media-amazon.com/images/I/81XT1ZILwqL._AC_UL400_.jpg
"Orighty Baby Washcloths 24-Pack, Microfiber Coral Fleece Baby Face Towels, Soft and Absorbent Wash Cloths for Newborns, Infants and Toddlers, Gentle on Delicate Skin for Face Hands and Body, 7x9 Inch",$8.99,4.7 out of 5 stars,https://www.amazon.com/Orighty-Washcloths-Microfiber-Absorbent-Newborns/dp/B09KRPRWXM/ref=sr_1_12?keywords=baby+cloth&qid=1694423489&sr=8-12,https://m.media-amazon.com/images/I/71yr15w-RTL._AC_UL400_.jpg
"Nightingale Muslin Bamboo Baby Washcloths - Soft Organic Baby Wash Cloths Perfect for Newborn Sensitive Skin - Absorbent Baby Wipes, Burp Cloths or Face Towels - 6 Pack (Feathers))",$19.75,4.8 out of 5 stars,https://www.amazon.com/Washcloths-Organic-Newborn-Sensitive-Registry/dp/B07PLY1G3N/ref=sr_1_13?keywords=baby+cloth&qid=1694423489&sr=8-13,https://m.media-amazon.com/images/I/81h-4gnfWoL._AC_UL400_.jpg
fioukiay Newborn Infant Baby Girl Clothes Romper Shorts Set Floral Summer Outfits,$17.97,4.9 out of 5 stars,https://www.amazon.com/sspa/click?ie=UTF8&spc=MTo2MTIyNTQyMTMzNDk0NjE4OjE2OTQ0MjM0ODk6c3BfbXRmOjMwMDAzMzU0OTUxMzcwMjo6MDo6&url=%2Ffioukiay-Preemie-Clothes-Bodysuit-Clothing%2Fdp%2FB0C3GNRWB3%2Fref%3Dsr_1_14_sspa%3Fkeywords%3Dbaby%2Bcloth%26qid%3D1694423489%26sr%3D8-14-spons%26sp_csd%3Dd2lkZ2V0TmFtZT1zcF9tdGY%26psc%3D1,https://m.media-amazon.com/images/I/717zy8xzfuL._AC_UL400_.jpg
"Baby Washcloths, Momcozy Ultra Soft Absorbent Towel, 8pcs Newborn Bath Face Towel, Natural Reusable Baby Wipes for Sensitive Skin, Baby Registry as Shower, 10""x10"" (Pink)",$9.99,4.6 out of 5 stars,https://www.amazon.com/sspa/click?ie=UTF8&spc=MTo2MTIyNTQyMTMzNDk0NjE4OjE2OTQ0MjM0ODk6c3BfbXRmOjIwMDE2MDE4OTg1Nzg5ODo6MDo6&url=%2FWashcloths-Momcozy-Absorbent-Reusable-Sensitive%2Fdp%2FB082XN4RWZ%2Fref%3Dsr_1_15_sspa%3Fkeywords%3Dbaby%2Bcloth%26qid%3D1694423489%26sr%3D8-15-spons%26sp_csd%3Dd2lkZ2V0TmFtZT1zcF9tdGY%26psc%3D1,https://m.media-amazon.com/images/I/71zWMDV+DpL._AC_UL400_.jpg
Baby Burp Cloths Muslin Washcloths 6Pack - Muslin Burp Cloths Hanky Large 20''x10'' Extra Soft Absorbent Baby Burp Rags for Newborn 100% Cotton for Boys Girls Gift 6 Layers Machine Washable,$13.99,4.8 out of 5 stars,https://www.amazon.com/Baby-Cloths-Muslin-Washcloths-6Pack/dp/B08HMGPGLM/ref=sr_1_16?keywords=baby+cloth&qid=1694423489&sr=8-16,https://m.media-amazon.com/images/I/61ZECopnAYL._AC_UL400_.jpg
"Synrroe Muslin Burp Cloths 4 Pack Large 20"" by 10"" 100% Cotton 6 Layers Extra Absorbent and Soft",$8.49,4.8 out of 5 stars,https://www.amazon.com/Muslin-Cloths-Cotton-Layers-Absorbent/dp/B07DLBP4XW/ref=sr_1_17?keywords=baby+cloth&qid=1694423489&sr=8-17,https://m.media-amazon.com/images/I/61O9kyltcYL._AC_UL400_.jpg
"Baby Msulin Washcloths Newborn Face Towel - Baby Muslin Burp Cloths 6Pack Soft Absorbent Natural Cotton Wash Towel 10""X10"" Baby Bath Towels Wipes Baby Registry as Shower",$11.29,4.5 out of 5 stars,https://www.amazon.com/Baby-Msulin-Washcloths-Newborn-Towel/dp/B0BHSWY36W/ref=sr_1_18?keywords=baby+cloth&qid=1694423489&sr=8-18,https://m.media-amazon.com/images/I/51JK8jbSZYL._AC_UL400_.jpg
Newborn Baby Girls Clothes Sets Waffle Floral Print Sleeveless Bodysuits+Ruffles Drawstring Summer Shorts+Headband,$17.99,4.5 out of 5 stars,https://www.amazon.com/Newborn-Sleeveless-Bodysuits-Drawstring-Headband/dp/B0BRQGGTCV/ref=sr_1_19?keywords=baby+cloth&qid=1694423489&sr=8-19,https://m.media-amazon.com/images/I/81CNZnoHw4L._AC_UL400_.jpg
"mushie Muslin Baby Burp Cloths | 100% Organic Cotton, Set of 2 (Fall Yellow/Fog)",$21.00,4.9 out of 5 stars,https://www.amazon.com/sspa/click?ie=UTF8&spc=MTo2MTIyNTQyMTMzNDk0NjE4OjE2OTQ0MjM0ODk6c3BfbXRmOjIwMDA2OTU1NDg4MTgxMTo6MDo6&url=%2Fmushie-Muslin-Cloths-Organic-Cotton%2Fdp%2FB08MVC3J8W%2Fref%3Dsr_1_20_sspa%3Fkeywords%3Dbaby%2Bcloth%26qid%3D1694423489%26sr%3D8-20-spons%26sp_csd%3Dd2lkZ2V0TmFtZT1zcF9tdGY%26psc%3D1,https://m.media-amazon.com/images/I/91Def8Gk+WL._AC_UL400_.jpg
"mushie Muslin Baby Cloths | 100% Organic Cotton | 23.5"" x 23.5"" (Rainbows) 3-Pack",$22.00,4.8 out of 5 stars,https://www.amazon.com/sspa/click?ie=UTF8&spc=MTo2MTIyNTQyMTMzNDk0NjE4OjE2OTQ0MjM0ODk6c3BfbXRmOjIwMDAzNTg2MzA0NDU5ODo6MDo6&url=%2Fmushie-Muslin-Cloths-Organic-Rainbows%2Fdp%2FB09PFT7W7M%2Fref%3Dsr_1_21_sspa%3Fkeywords%3Dbaby%2Bcloth%26qid%3D1694423489%26sr%3D8-21-spons%26sp_csd%3Dd2lkZ2V0TmFtZT1zcF9tdGY%26psc%3D1,https://m.media-amazon.com/images/I/71W0rC21LoL._AC_UL400_.jpg
Looxii 100% Cotton Muslin Burp Cloths Large 20''x10'' Extra Soft and Absorbent 6 Pack Baby Burping Cloth for Boys and Girls (Apricot),$13.99,4.8 out of 5 stars,https://www.amazon.com/sspa/click?ie=UTF8&spc=MTo2MTIyNTQyMTMzNDk0NjE4OjE2OTQ0MjM0ODk6c3BfbXRmOjMwMDAwNTQ5MzAyNTgwMjo6MDo6&url=%2FMuslin-Absorbent-Burping-Looxii-Apricot%2Fdp%2FB09KRMG7CN%2Fref%3Dsr_1_22_sspa%3Fkeywords%3Dbaby%2Bcloth%26qid%3D1694423489%26sr%3D8-22-spons%26sp_csd%3Dd2lkZ2V0TmFtZT1zcF9tdGY%26psc%3D1,https://m.media-amazon.com/images/I/916tE8TP9sL._AC_UL400_.jpg
"Zutano 5-Pack Organic Burp Cloths for Baby Girl & Boy, Large Cotton Burping Cloths for Babies | Absorbent Baby Spit-Up Rags | Gender Neutral Burp Clothes | Newborn Essentials, Pink Hearts",$19.50,4.7 out of 5 stars,https://www.amazon.com/sspa/click?ie=UTF8&spc=MTo2MTIyNTQyMTMzNDk0NjE4OjE2OTQ0MjM0ODk6c3BfbXRmOjMwMDAyMTYxMzg5MDYwMjo6MDo6&url=%2FZutano-5-Pack-Organic-Cloths-Hearts%2Fdp%2FB0BLXW7S9B%2Fref%3Dsr_1_23_sspa%3Fkeywords%3Dbaby%2Bcloth%26qid%3D1694423489%26sr%3D8-23-spons%26sp_csd%3Dd2lkZ2V0TmFtZT1zcF9tdGY%26psc%3D1,https://m.media-amazon.com/images/I/917N4zHVfWL._AC_UL400_.jpg
"MUKIN Baby Washcloths- Natural Cotton Baby Wipes - Soft Newborn Baby Face Towel for Sensitive Skin- Baby Registry as Shower, 10 Pack 12x12 inches (White)",$15.99,4.8 out of 5 stars,https://www.amazon.com/Muslin-Washcloths-Natural-Cotton-Wipes/dp/B072JQFPTQ/ref=sr_1_24?keywords=baby+cloth&qid=1694423489&sr=8-24,https://m.media-amazon.com/images/I/51dYk5R9HzL._AC_UL400_.jpg
Newborn Baby Girl Clothes Infant Romper Floral Suspender Dress Ruffle Sleeve Onesie Outfit Jumpsuit Headband Spring Summer,$21.99,4.7 out of 5 stars,https://www.amazon.com/Newborn-Clothes-Summer-Suspender-Headband/dp/B09P654WFF/ref=sr_1_25?keywords=baby+cloth&qid=1694423489&sr=8-25,https://m.media-amazon.com/images/I/81a3qELxyYL._AC_UL400_.jpg
Carhartt Unisex Baby Long-sleeve Pocket Bodysuit,$14.13,5.0 out of 5 stars,https://www.amazon.com/Carhartt-Long-Sleeve-Pocket-Bodysuit-Months/dp/B0C7HKDQH3/ref=sr_1_26?keywords=baby+cloth&qid=1694423489&sr=8-26,https://m.media-amazon.com/images/I/61Tb+WnerbL._AC_UL400_.jpg
"Simple Joys by Carter's Unisex Babies' Washcloth Set, Pack of 10",$12.70,4.7 out of 5 stars,https://www.amazon.com/Simple-Joys-Carters-Washcloth-Assorted/dp/B07ZPPY284/ref=sr_1_27?keywords=baby+cloth&qid=1694423489&sr=8-27,https://m.media-amazon.com/images/I/81iV5-cxHPL._AC_UL400_.jpg
"18 Packs Baby Washcloths Extra Absorbent and Soft,Comfortable Wash Cloths Baby Bath Face Towel for Unisex Boy Girl Newborn Essentials Must Haves,3 Patterns Disguised by Purposes 12""x12"",Grey",$15.99,4.6 out of 5 stars,https://www.amazon.com/sspa/click?ie=UTF8&spc=MTo2MTIyNTQyMTMzNDk0NjE4OjE2OTQ0MjM0ODk6c3BfbXRmOjMwMDAzOTc2NjEwMzgwMjo6MDo6&url=%2FWashcloths-Absorbent-Comfortable-Essentials-Disguised%2Fdp%2FB0C72HQLJJ%2Fref%3Dsr_1_28_sspa%3Fkeywords%3Dbaby%2Bcloth%26qid%3D1694423489%26sr%3D8-28-spons%26sp_csd%3Dd2lkZ2V0TmFtZT1zcF9tdGY%26psc%3D1,https://m.media-amazon.com/images/I/81lgbzGi8jL._AC_UL400_.jpg
Fernvia Infant Baby Girl Clothes Suspenders Short Sleeve Ribbed Romper Flared Pants Set Headband 3pcs Summer Outfit,$17.99,4.7 out of 5 stars,https://www.amazon.com/sspa/click?ie=UTF8&spc=MTo2MTIyNTQyMTMzNDk0NjE4OjE2OTQ0MjM0ODk6c3BfbXRmOjMwMDAyMzk0MDI1MjYwMjo6MDo6&url=%2FFernvia-Infant-Clothes-Suspenders-Headband%2Fdp%2FB0BQDZ45WF%2Fref%3Dsr_1_29_sspa%3Fkeywords%3Dbaby%2Bcloth%26qid%3D1694423489%26sr%3D8-29-spons%26sp_csd%3Dd2lkZ2V0TmFtZT1zcF9tdGY%26psc%3D1,https://m.media-amazon.com/images/I/71pIPqt5e2L._AC_UL400_.jpg
"MUKIN Baby Washcloths - Soft Face Cloths for Newborn, Absorbent Bath Face Towels, Baby Wipes, Burp Cloths or Face Towels, Baby Registry as Shower. Pack of 6-12x12 inches (Pink)",$12.99,4.7 out of 5 stars,https://www.amazon.com/sspa/click?ie=UTF8&spc=MTo2MTIyNTQyMTMzNDk0NjE4OjE2OTQ0MjM0ODk6c3BfbXRmOjMwMDAyNzAwMzcwOTYwMjo6MDo6&url=%2FMUKIN-Baby-Muslin-Washcloths-Cloths%2Fdp%2FB09BKQS64Y%2Fref%3Dsr_1_30_sspa%3Fkeywords%3Dbaby%2Bcloth%26qid%3D1694423489%26sr%3D8-30-spons%26sp_csd%3Dd2lkZ2V0TmFtZT1zcF9tdGY%26psc%3D1,https://m.media-amazon.com/images/I/61U14D8dWhL._AC_UL400_.jpg
Looching 5 Pack Baby Toddler Girls Cute Cable Knit Cotton Tights Pantyhose Leggings Stocking Pants,$28.99,4.6 out of 5 stars,https://www.amazon.com/sspa/click?ie=UTF8&spc=MTo2MTIyNTQyMTMzNDk0NjE4OjE2OTQ0MjM0ODk6c3BfbXRmOjIwMDAxMTA4NTgwMzI4MTo6MDo6&url=%2FLooching-Pantyhose-Leggings-Stocking-multicoluored%2Fdp%2FB074QMHF7V%2Fref%3Dsr_1_31_sspa%3Fkeywords%3Dbaby%2Bcloth%26qid%3D1694423489%26sr%3D8-31-spons%26sp_csd%3Dd2lkZ2V0TmFtZT1zcF9tdGY%26psc%3D1,https://m.media-amazon.com/images/I/61eTZSo5w8L._AC_UL400_.jpg
"Mr. Pen- Muslin Burp Cloths, 4 Pack, Large, 20” x 11.5”, Colorful Burp Cloths Baby Girl, Burp Cloths Baby Boy, Burping Cloths for Babies, Burp Cloths, Muslin Washcloths, Burp Clothes",$6.85,4.8 out of 5 stars,https://www.amazon.com/Mr-Pen-Muslin-Burp-Cloths/dp/B09F9SVGJM/ref=sr_1_32?keywords=baby+cloth&qid=1694423489&sr=8-32,https://m.media-amazon.com/images/I/81vNSr+9hML._AC_UL400_.jpg
"The Children's Place Baby Family Matching, Fall Harvest Pajama Sets, Cotton",$11.71,4.6 out of 5 stars,https://www.amazon.com/Childrens-Place-Toddler-Matching-Harvest/dp/B0C26Z6SHV/ref=sr_1_33?keywords=baby+cloth&qid=1694423489&sr=8-33,https://m.media-amazon.com/images/I/81gxuuiKjIL._AC_UL400_.jpg
Simple Joys by Carter's Unisex Babies' 6-Piece Bodysuits (Short and Long Sleeve) and Pants Set,$22.80,4.8 out of 5 stars,https://www.amazon.com/Simple-Joys-Carters-6-Piece-Bodysuits/dp/B01M5JGO6D/ref=sr_1_34?keywords=baby+cloth&qid=1694423489&sr=8-34,https://m.media-amazon.com/images/I/81D7d6cfKwL._MCnd_AC_UL400_.jpg
Gerber unisex-baby 4 Pack Sleep 'N Play Footie,$22.90,4.7 out of 5 stars,https://www.amazon.com/Gerber-4-Pack-Sleep-Elephants-Months/dp/B07GG1WM9D/ref=sr_1_35?keywords=baby+cloth&qid=1694423489&sr=8-35,https://m.media-amazon.com/images/I/81bJtUSxscL._AC_UL400_.jpg
"AMINFUN Soft Cloth Baby Book Toy,Colorful Fabric Baby Learning Book(ABC-Z Alphabet,123-10,Colour,Fruit,4 Pack),Touch and Feel Crinkle Sound,Early Educational Toy,Gift for Babies Infants Toddlers",$11.99,4.3 out of 5 stars,https://www.amazon.com/sspa/click?ie=UTF8&spc=MTo2MTIyNTQyMTMzNDk0NjE4OjE2OTQ0MjM0ODk6c3BfbXRmOjIwMDA1NjQyODczOTY5ODo6MDo6&url=%2FAMINFUN-Colorful-Learning-Educational-Toddlers%2Fdp%2FB09CDTMF6T%2Fref%3Dsr_1_36_sspa%3Fkeywords%3Dbaby%2Bcloth%26qid%3D1694423489%26sr%3D8-36-spons%26sp_csd%3Dd2lkZ2V0TmFtZT1zcF9tdGY%26psc%3D1,https://m.media-amazon.com/images/I/91ASOihfz-L._AC_UL400_.jpg
"Simple Joys by Carter's Baby Boys' Short-Sleeve Bodysuit, Pack of 6",$23.70,4.8 out of 5 stars,https://www.amazon.com/Simple-Joys-Carters-Short-Sleeve-Turquoise/dp/B01MREMXH7/ref=sr_1_37?keywords=baby+cloth&qid=1694423489&sr=8-37,https://m.media-amazon.com/images/I/91U4UktkVaL._AC_UL400_.jpg
Gerber baby-boys 4 Pack Sleep 'N Play Footie,$23.99,4.7 out of 5 stars,https://www.amazon.com/Gerber-Sleep-Footie-Jungle-Months/dp/B08BV2M73D/ref=sr_1_38?keywords=baby+cloth&qid=1694423489&sr=8-38,https://m.media-amazon.com/images/I/91-N3hxpLIL._AC_UL400_.jpg
Harry Potter Baby Boys T-Shirt and Shortall Romper Set Gifts Baby Clothes,$12.99,4.8 out of 5 stars,https://www.amazon.com/Harry-Potter-T-Shirt-Shortall-Burgundy/dp/B0C5BX1N97/ref=sr_1_39?keywords=baby+cloth&qid=1694423489&sr=8-39,https://m.media-amazon.com/images/I/91Qas84TrZL._AC_UL400_.jpg
FOOK FISH Muslin Baby Burp Cloths 6 Pack Premium Cotton Burping Rags for Newborn Ultra Soft and Absorbent Unisex Spit Up Rags for Boys and Girls Perfect Baby Registry Gift 20'' X 10'',$12.99,4.8 out of 5 stars,https://www.amazon.com/Premium-Burping-Newborn-Absorbent-Registry/dp/B08X4319RH/ref=sr_1_40?keywords=baby+cloth&qid=1694423489&sr=8-40,https://m.media-amazon.com/images/I/61EEPpOxUuL._AC_UL400_.jpg
"Simple Joys by Carter's Baby Boys' 4-Piece Jacket, Pant, and Bodysuit Set",$18.60,4.8 out of 5 stars,https://www.amazon.com/Simple-Joys-Carters-4-Piece-Bodysuit/dp/B07MY1BN8R/ref=sr_1_41?keywords=baby+cloth&qid=1694423489&sr=8-41,https://m.media-amazon.com/images/I/915fikz2NTL._MCnd_AC_UL400_.jpg
Nautica baby-boys 2 Piece Tee/Woven Pant Set,$13.80,,https://www.amazon.com/Nautica-Baby-Piece-Woven-Cherry/dp/B0C4RCDF46/ref=sr_1_42?keywords=baby+cloth&qid=1694423489&sr=8-42,https://m.media-amazon.com/images/I/618xzLC59KL._AC_UL400_.jpg
Konssy 6 Pack Baby Muslin Washcloths for Unisex 100% Cotton Wash Cloth Set for Baby Face Body Comfy and Soft for Newborn Infants Kids Girls and Boys,$13.89,4.8 out of 5 stars,https://www.amazon.com/Muslin-Washcloths-Unisex-Newborn-Infants/dp/B0B4S7B7W5/ref=sr_1_43?keywords=baby+cloth&qid=1694423489&sr=8-43,https://m.media-amazon.com/images/I/81xGi0RoYoL._AC_UL400_.jpg
Simple Joys by Carter's Unisex Babies' Hooded Sweater Jacket with Sherpa Lining,$18.00,4.8 out of 5 stars,https://www.amazon.com/Simple-Joys-Carters-Hooded-Sweater/dp/B07CMHXV56/ref=sr_1_44?keywords=baby+cloth&qid=1694423489&sr=8-44,https://m.media-amazon.com/images/I/910pajFCcPL._AC_UL400_.jpg
XUANHAO Baby Girl Clothes 12 18 24 Months Outfits For Infant Toddler Denim Girls' Clothing Ruffle Top Ripped Jeans Pant Sets,$25.99,4.7 out of 5 stars,https://www.amazon.com/XUANHAO-Clothes-Outfits-Baby-Clothing/dp/B0C9TTG79N/ref=sr_1_45?keywords=baby+cloth&qid=1694423489&sr=8-45,https://m.media-amazon.com/images/I/81IKXq6cdgL._AC_UL400_.jpg
Madjtlqy Toddler Baby Girl Fall Winter Outfit Set Plaid Romper Dress Ruffles Long Sleeve Clothes Jumpsuit with Bow Headband,$17.99,4.7 out of 5 stars,https://www.amazon.com/Toddler-Ruffles-Clothes-Jumpsuit-Headband/dp/B0C7QTR7JR/ref=sr_1_46?keywords=baby+cloth&qid=1694423489&sr=8-46,https://m.media-amazon.com/images/I/71fxLTm4l5L._AC_UL400_.jpg
"12 Pack Baby Washcloths - Extra Absorbent and Soft Wash Clothes for Newborns, Infants and Toddlers - Suitable for Baby Skin and New Born - Microfiber Coral Fleece 12x12 Inches",$12.99,4.8 out of 5 stars,https://www.amazon.com/Pack-Baby-Washcloths-Absorbent-Microfiber/dp/B08696F67M/ref=sr_1_47?keywords=baby+cloth&qid=1694423489&sr=8-47,https://m.media-amazon.com/images/I/71fj7G9scIL._AC_UL400_.jpg
Gerber Unisex Baby 5-Pack Short-Sleeve Onesies,$17.90,4.8 out of 5 stars,https://www.amazon.com/GERBER-Variety-Onesies-Bodysuits-Elephant/dp/B07QLNXJGX/ref=sr_1_48?keywords=baby+cloth&qid=1694423489&sr=8-48,https://m.media-amazon.com/images/I/81D59WQniHL._AC_UL400_.jpg
Qaoerde Toddler Baby Boy Clothes Plaid Hoodie Tops Long Sleeve Sweatshirt + MINI BOSS Pants Little Boys Fall Winter Outfits,$16.99,5.0 out of 5 stars,https://www.amazon.com/Qaoerde-Toddler-Clothes-Sweatshirt-Outfits/dp/B0CBJFR2NF/ref=sr_1_49?keywords=baby+cloth&qid=1694423489&sr=8-49,https://m.media-amazon.com/images/I/71PVMjJU2QL._AC_UL400_.jpg
"Disney Newborn Baby Boys and Girls Layette Set - 7 Piece Winnie the Pooh, Minnie Mouse, Mickey Mouse Gift Set: Infants, 0-6M",$29.99,4.8 out of 5 stars,https://www.amazon.com/Disney-Newborn-Baby-Girls-Layette/dp/B0B8DXZXSR/ref=sr_1_50?keywords=baby+cloth&qid=1694423489&sr=8-50,https://m.media-amazon.com/images/I/71EcD4L8tBL._AC_UL400_.jpg
Hudson Baby unisex-baby Cotton Long-sleeve Bodysuits,$10.07,4.7 out of 5 stars,https://www.amazon.com/Hudson-Baby-Sleeve-Bodysuits-Football/dp/B07174JS2H/ref=sr_1_51?keywords=baby+cloth&qid=1694423489&sr=8-51,https://m.media-amazon.com/images/I/81IyipLNoNL._AC_UL400_.jpg
Gerber baby-girls 8-pack Short Sleeve Onesies Bodysuits,$21.99,4.8 out of 5 stars,https://www.amazon.com/Gerber-8-Pack-Short-Sleeve-Onesies-Bodysuit/dp/B07GG1VGML/ref=sr_1_52?keywords=baby+cloth&qid=1694423489&sr=8-52,https://m.media-amazon.com/images/I/71B5Aj1A96L._AC_UL400_.jpg
Newborn Baby Boy Fall Outfit Romper Little Dude Embroidery Onesie Jumpsuit Bodysuit Tops Cute Infant Winter Clothes,$11.99,4.6 out of 5 stars,https://www.amazon.com/Sweatshirt-Embroidery-Jumpsuit-Matching-Newborn/dp/B0CF5CGTTW/ref=sr_1_53?keywords=baby+cloth&qid=1694423489&sr=8-53,https://m.media-amazon.com/images/I/61UotkgOJcL._AC_UL400_.jpg
Newborn Baby Boy Girl Clothes Ribbed Knitted Cotton Long Sleeve Romper Long Pants Solid Color Fall Winter Outfits,$16.99,4.7 out of 5 stars,https://www.amazon.com/Newborn-Clothes-Ribbed-Knitted-Outfits/dp/B08L8LLQBQ/ref=sr_1_54?keywords=baby+cloth&qid=1694423489&sr=8-54,https://m.media-amazon.com/images/I/61NmjSh0kOL._AC_UL400_.jpg
oklady Toddler Baby Girl Clothes Solid Color Ruffle Tops Floral Pants with Headband Fall Winter Cute Girl Outfits,$22.99,4.8 out of 5 stars,https://www.amazon.com/oklady-Toddler-Clothes-Headband-Outfits/dp/B0C48Z4BQW/ref=sr_1_55?keywords=baby+cloth&qid=1694423489&sr=8-55,https://m.media-amazon.com/images/I/71Vf6Jz19nL._AC_UL400_.jpg
"Simple Joys by Carter's Unisex Babies' Cotton Footed Sleep and Play, Pack of 3",$24.70,4.8 out of 5 stars,https://www.amazon.com/Simple-Joys-Carters-Neutral-Elephant/dp/B075YZ1963/ref=sr_1_56?keywords=baby+cloth&qid=1694423489&sr=8-56,https://m.media-amazon.com/images/I/91HuntPlNGL._AC_UL400_.jpg
"Simple Joys by Carter's Baby Boys' Rompers, Pack of 3",$23.80,4.8 out of 5 stars,https://www.amazon.com/Simple-Joys-Carters-Rompers-Turquoise/dp/B071WLRQ7R/ref=sr_1_57?keywords=baby+cloth&qid=1694423489&sr=8-57,https://m.media-amazon.com/images/I/91++RyE-DRL._AC_UL400_.jpg
farrubbyine8 Baby Girl Halloween Outfit Cute Pumpkin Romper Long Sleeve Bodysuit First Halloween Outfit Baby Girl Clothes,$14.99,4.7 out of 5 stars,https://www.amazon.com/Halloween-Pumpkin-Bodysuit-Newborn-Clothes/dp/B0C9GNKC69/ref=sr_1_58?keywords=baby+cloth&qid=1694423489&sr=8-58,https://m.media-amazon.com/images/I/71002S1VXgL._MCnd_AC_UL400_.jpg
SOLOYEE Baby Boy Clothes Suits Infant Gentleman Outfits Long Sleeve Dress+Suspender Pants+Bowtie+Beret Hat Wedding Set 3-18M,$28.19,5.0 out of 5 stars,https://www.amazon.com/SOLOYEE-Clothes-Gentleman-Suspender-Birthday/dp/B0C7B4KY4P/ref=sr_1_59?keywords=baby+cloth&qid=1694423489&sr=8-59,https://m.media-amazon.com/images/I/7177ND9XxyL._AC_UL400_.jpg
"Simple Joys by Carter's Unisex Babies' Short-Sleeve Bodysuit, Multipacks",$18.10,4.8 out of 5 stars,https://www.amazon.com/Simple-Joys-Carters-Short-Sleeve-Bodysuit/dp/B072V8T1KP/ref=sr_1_60?keywords=baby+cloth&qid=1694423489&sr=8-60,https://m.media-amazon.com/images/I/91oN-swVBVL._AC_UL400_.jpg
"Orighty Baby Washcloths 24-Pack(7''x9''), Microfiber Coral Fleece Baby Towels, Super Soft and Absorbent Wash Cloths for Newborns, Infants and Toddlers, Gentle on Delicate Skin for Face Hands and Body",$7.99,4.7 out of 5 stars,https://www.amazon.com/sspa/click?ie=UTF8&spc=MTo2MzM2OTE5NDAzMjgxNjE4OjE2OTQ0MjM1MDY6c3BfYXRmOjIwMDEwNTkwMDU0NzI5ODo6MDo6&url=%2FOrighty-Washcloths-Microfiber-Absorbent-Newborns%2Fdp%2FB0B9MSNZ39%2Fref%3Dsr_1_1_sspa%3Fkeywords%3Dbaby%2Bcloth%26qid%3D1694423506%26sr%3D8-1-spons%26sp_csd%3Dd2lkZ2V0TmFtZT1zcF9hdGY%26psc%3D1,https://m.media-amazon.com/images/I/71-qbj8BNaL._AC_UL400_.jpg
Konssy 6 Pack Baby Muslin Washcloths for Unisex 100% Cotton Wash Cloth Set for Baby Face Body Comfy and Soft for Newborn Infants Kids Girls and Boys,$13.89,4.8 out of 5 stars,https://www.amazon.com/sspa/click?ie=UTF8&spc=MTo2MzM2OTE5NDAzMjgxNjE4OjE2OTQ0MjM1MDY6c3BfYXRmOjIwMDA3NjYzNzcxMjU5ODo6MDo6&url=%2FMuslin-Washcloths-Unisex-Newborn-Infants%2Fdp%2FB0B4S7B7W5%2Fref%3Dsr_1_2_sspa%3Fkeywords%3Dbaby%2Bcloth%26qid%3D1694423506%26sr%3D8-2-spons%26sp_csd%3Dd2lkZ2V0TmFtZT1zcF9hdGY%26psc%3D1,https://m.media-amazon.com/images/I/81xGi0RoYoL._AC_UL400_.jpg
Yoofoss Muslin Burp Cloths for Baby 10 Pack 100% Cotton Baby Washcloths for Boys Girls Large 20''X10'' Super Soft and Absorbent White,$18.95,4.7 out of 5 stars,https://www.amazon.com/Muslin-Cloths-Cotton-Absorbent-YOOFOSS/dp/B088RBY8Y5/ref=sr_1_3?keywords=baby+cloth&qid=1694423506&sr=8-3,https://m.media-amazon.com/images/I/51ByeYwSPsL._AC_UL400_.jpg
"Cute Castle 12 Pack Muslin Burp Cloths for Baby - Ultra-Soft 100% Cotton Baby Washcloths - Large 20'' by 10'' Super Absorbent Milk Spit Up Rags - Burpy Cloths for Unisex, Boy, Girl - White",$11.91,4.7 out of 5 stars,https://www.amazon.com/Cute-Castle-Pack-Muslin-Cloths/dp/B09SF1318T/ref=sr_1_4?keywords=baby+cloth&qid=1694423506&sr=8-4,https://m.media-amazon.com/images/I/71bYqB7dM8L._AC_UL400_.jpg
"SWEET DOLPHIN 12 Pack Muslin Burp Cloths Large 100% Cotton Hand Washcloths for Baby - Baby Essentials Extra Absorbent and Soft Boys & Girls Milk Spit Up Rags for Newborn Registry - White, 20"" X10""",$9.99,4.8 out of 5 stars,https://www.amazon.com/SWEET-DOLPHIN-Muslin-Cloths-Washcloths/dp/B0BW3SR8K5/ref=sr_1_5?keywords=baby+cloth&qid=1694423506&sr=8-5,https://m.media-amazon.com/images/I/71wQCPhPVeL._AC_UL400_.jpg
"Comfy Cubs Muslin Burp Cloths Large 100% Cotton Hand Washcloths for Babies, Baby Essentials 6 Layers Extra Absorbent and Soft Boys & Girls Baby Rags for Newborn Registry (White, 10-Pack, 20"" X10"")",$15.16,4.8 out of 5 stars,https://www.amazon.com/Muslin-Burp-Cloths-Baby-Boy-Girl-Burping/dp/B08CBJ2SSQ/ref=sr_1_6?keywords=baby+cloth&qid=1694423506&sr=8-6,https://m.media-amazon.com/images/I/51W2oPrwa7L._AC_UL400_.jpg
HIPHOP PANDA Bamboo Baby Washcloths - 2 Layer Soft Absorbent Newborn Bath Face Towel - Natural Baby Wipes for Delicate Skin - Baby Registry as Shower(6 Pack),$9.98,4.8 out of 5 stars,https://www.amazon.com/Organic-Bamboo-Baby-Washcloths-Hypoallergenic/dp/B07PF3B1K5/ref=sr_1_7?keywords=baby+cloth&qid=1694423506&sr=8-7,https://m.media-amazon.com/images/I/61jrCipyr3L._AC_UL400_.jpg
Gerber unisex-baby 8-pack Short Sleeve Onesies Bodysuits,$21.99,4.8 out of 5 stars,https://www.amazon.com/Gerber-Short-Sleeve-Onesies-Bodysuits-Animals/dp/B081DJ36G4/ref=sr_1_8?keywords=baby+cloth&qid=1694423506&sr=8-8,https://m.media-amazon.com/images/I/815hVSJKicL._AC_UL400_.jpg
The Peanutshell Newborn Clothes & Accessories Set | 30 Piece Layette Gift Set | Fits Newborn to 3 Months | Elephant & Funny Sayings,$69.99,4.8 out of 5 stars,https://www.amazon.com/Peanutshell-Newborn-Clothes-Accessories-Elephant/dp/B0BLTDSP24/ref=sr_1_9?keywords=baby+cloth&qid=1694423506&sr=8-9,https://m.media-amazon.com/images/I/71r7qT4sHjL._AC_UL400_.jpg
"MUKIN Baby Washcloths - Soft Face Cloths for Newborn, Absorbent Bath Face Towels, Baby Wipes, Burp Cloths or Face Towels, Baby Registry as Shower. Pack of 6-12x12 inches (Blue)",$12.99,4.7 out of 5 stars,https://www.amazon.com/MUKIN-Baby-Muslin-Washcloths-Cloths/dp/B09BKSW8GW/ref=sr_1_10?keywords=baby+cloth&qid=1694423506&sr=8-10,https://m.media-amazon.com/images/I/71WEHOwGKmL._AC_UL400_.jpg
"Orighty Burp Cloths for Baby 8 Pack - Super Soft & Absorbent Coral Fleece Baby Burp Cloth - 20 x 10 Inch Gentle & Large Burp Rugs for Baby Sensitive Skin - Burping Cloths for Newborn Essential, White",$8.99,4.8 out of 5 stars,https://www.amazon.com/sspa/click?ie=UTF8&spc=MTo2MzM2OTE5NDAzMjgxNjE4OjE2OTQ0MjM1MDY6c3BfbXRmOjMwMDAxMDU0MzI4NzEwMjo6MDo6&url=%2FOrighty-Microfiber-Absorbent-Newborns-Toddlers%2Fdp%2FB0B7JNW416%2Fref%3Dsr_1_11_sspa%3Fkeywords%3Dbaby%2Bcloth%26qid%3D1694423506%26sr%3D8-11-spons%26sp_csd%3Dd2lkZ2V0TmFtZT1zcF9tdGY%26psc%3D1,https://m.media-amazon.com/images/I/61-nvwlF0VL._AC_UL400_.jpg
"Burt's Bees Baby - 5 Pack of Burp Cloths, 100% Organic Cotton (1 Cloud, 1 Solid Color, 1 Honey Bee, 1 Stripe, 1 Alphabet Bee Print, Heather Grey)",$26.95,4.9 out of 5 stars,https://www.amazon.com/Burts-Bees-Baby-Absorbent-Organic/dp/B01HG74QLI/ref=sr_1_12?keywords=baby+cloth&qid=1694423506&sr=8-12,https://m.media-amazon.com/images/I/81VRJrLmKVL._AC_UL400_.jpg
"5-Pack Organic Burp Cloths for Baby Boys and Girls - Ultra Absorbent Burping Cloth, Burp Clothes, Newborn Towel - Milk Spit Up Rags - Burpy Cloth Bib for Unisex, Boy, Girl (Sweet Charm)",$21.96,4.8 out of 5 stars,https://www.amazon.com/5-Pack-Organic-Absorbent-Newborn-Clothes/dp/B0814QNTL6/ref=sr_1_13?keywords=baby+cloth&qid=1694423506&sr=8-13,https://m.media-amazon.com/images/I/81XT1ZILwqL._AC_UL400_.jpg
"Orighty Baby Washcloths 24-Pack, Microfiber Coral Fleece Baby Face Towels, Soft and Absorbent Wash Cloths for Newborns, Infants and Toddlers, Gentle on Delicate Skin for Face Hands and Body, 7x9 Inch",$8.99,4.7 out of 5 stars,https://www.amazon.com/Orighty-Washcloths-Microfiber-Absorbent-Newborns/dp/B09KRPRWXM/ref=sr_1_14?keywords=baby+cloth&qid=1694423506&sr=8-14,https://m.media-amazon.com/images/I/71yr15w-RTL._AC_UL400_.jpg
"Nightingale Muslin Bamboo Baby Washcloths - Soft Organic Baby Wash Cloths Perfect for Newborn Sensitive Skin - Absorbent Baby Wipes, Burp Cloths or Face Towels - 6 Pack (Feathers))",$19.75,4.8 out of 5 stars,https://www.amazon.com/Washcloths-Organic-Newborn-Sensitive-Registry/dp/B07PLY1G3N/ref=sr_1_15?keywords=baby+cloth&qid=1694423506&sr=8-15,https://m.media-amazon.com/images/I/81h-4gnfWoL._AC_UL400_.jpg
"Baby Washcloths, Momcozy Ultra Soft Absorbent Towel, 8pcs Newborn Bath Face Towel, Natural Reusable Baby Wipes for Sensitive Skin, Baby Registry as Shower, 10""x10"" (Pink)",$9.99,4.6 out of 5 stars,https://www.amazon.com/sspa/click?ie=UTF8&spc=MTo2MzM2OTE5NDAzMjgxNjE4OjE2OTQ0MjM1MDY6c3BfbXRmOjIwMDE2MDE4OTg1Nzg5ODo6MDo6&url=%2FWashcloths-Momcozy-Absorbent-Reusable-Sensitive%2Fdp%2FB082XN4RWZ%2Fref%3Dsr_1_16_sspa%3Fkeywords%3Dbaby%2Bcloth%26qid%3D1694423506%26sr%3D8-16-spons%26sp_csd%3Dd2lkZ2V0TmFtZT1zcF9tdGY%26psc%3D1,https://m.media-amazon.com/images/I/71zWMDV+DpL._AC_UL400_.jpg
"Zutano 5-Pack Organic Burp Cloths for Baby Girl & Boy, Large Cotton Burping Cloths for Babies | Absorbent Baby Spit-Up Rags | Gender Neutral Burp Clothes | Newborn Essentials, Pink Hearts",$19.50,4.7 out of 5 stars,https://www.amazon.com/sspa/click?ie=UTF8&spc=MTo2MzM2OTE5NDAzMjgxNjE4OjE2OTQ0MjM1MDY6c3BfbXRmOjMwMDAyMTYxMzg5MTEwMjo6MDo6&url=%2FZutano-5-Pack-Organic-Cloths-Hearts%2Fdp%2FB0BLXW7S9B%2Fref%3Dsr_1_17_sspa%3Fkeywords%3Dbaby%2Bcloth%26qid%3D1694423506%26sr%3D8-17-spons%26sp_csd%3Dd2lkZ2V0TmFtZT1zcF9tdGY%26psc%3D1,https://m.media-amazon.com/images/I/917N4zHVfWL._AC_UL400_.jpg
"mushie Muslin Baby Cloths | 100% Organic Cotton | 23.5"" x 23.5"" (Rainbows) 3-Pack",$22.00,4.8 out of 5 stars,https://www.amazon.com/sspa/click?ie=UTF8&spc=MTo2MzM2OTE5NDAzMjgxNjE4OjE2OTQ0MjM1MDY6c3BfbXRmOjIwMDAzNTg2MzA0NDU5ODo6MDo6&url=%2Fmushie-Muslin-Cloths-Organic-Rainbows%2Fdp%2FB09PFT7W7M%2Fref%3Dsr_1_18_sspa%3Fkeywords%3Dbaby%2Bcloth%26qid%3D1694423506%26sr%3D8-18-spons%26sp_csd%3Dd2lkZ2V0TmFtZT1zcF9tdGY%26psc%3D1,https://m.media-amazon.com/images/I/71W0rC21LoL._AC_UL400_.jpg
Looxii 100% Cotton Muslin Burp Cloths Large 20''x10'' Extra Soft and Absorbent 6 Pack Baby Burping Cloth for Boys and Girls (Apricot),$13.99,4.8 out of 5 stars,https://www.amazon.com/sspa/click?ie=UTF8&spc=MTo2MzM2OTE5NDAzMjgxNjE4OjE2OTQ0MjM1MDY6c3BfbXRmOjMwMDAwNTQ0MTgxOTgwMjo6MDo6&url=%2FMuslin-Absorbent-Burping-Looxii-Apricot%2Fdp%2FB09KRMG7CN%2Fref%3Dsr_1_19_sspa%3Fkeywords%3Dbaby%2Bcloth%26qid%3D1694423506%26sr%3D8-19-spons%26sp_csd%3Dd2lkZ2V0TmFtZT1zcF9tdGY%26psc%3D1,https://m.media-amazon.com/images/I/916tE8TP9sL._AC_UL400_.jpg
Baby Burp Cloths Muslin Washcloths 6Pack - Muslin Burp Cloths Hanky Large 20''x10'' Extra Soft Absorbent Baby Burp Rags for Newborn 100% Cotton for Boys Girls Gift 6 Layers Machine Washable,$13.99,4.8 out of 5 stars,https://www.amazon.com/Baby-Cloths-Muslin-Washcloths-6Pack/dp/B08HMGPGLM/ref=sr_1_20?keywords=baby+cloth&qid=1694423506&sr=8-20,https://m.media-amazon.com/images/I/61ZECopnAYL._AC_UL400_.jpg
"Synrroe Muslin Burp Cloths 4 Pack Large 20"" by 10"" 100% Cotton 6 Layers Extra Absorbent and Soft",$8.49,4.8 out of 5 stars,https://www.amazon.com/Muslin-Cloths-Cotton-Layers-Absorbent/dp/B07DLBP4XW/ref=sr_1_21?keywords=baby+cloth&qid=1694423506&sr=8-21,https://m.media-amazon.com/images/I/61O9kyltcYL._AC_UL400_.jpg
"Baby Msulin Washcloths Newborn Face Towel - Baby Muslin Burp Cloths 6Pack Soft Absorbent Natural Cotton Wash Towel 10""X10"" Baby Bath Towels Wipes Baby Registry as Shower",$11.29,4.5 out of 5 stars,https://www.amazon.com/Baby-Msulin-Washcloths-Newborn-Towel/dp/B0BHSWY36W/ref=sr_1_22?keywords=baby+cloth&qid=1694423506&sr=8-22,https://m.media-amazon.com/images/I/51JK8jbSZYL._AC_UL400_.jpg
Newborn Baby Girls Clothes Sets Waffle Floral Print Sleeveless Bodysuits+Ruffles Drawstring Summer Shorts+Headband,$17.99,4.5 out of 5 stars,https://www.amazon.com/Newborn-Sleeveless-Bodysuits-Drawstring-Headband/dp/B0BRQGGTCV/ref=sr_1_23?keywords=baby+cloth&qid=1694423506&sr=8-23,https://m.media-amazon.com/images/I/81CNZnoHw4L._AC_UL400_.jpg
Baby Washcloths Muslin Baby Face Towels 8 Pack Soft Muslin Washcloths for Newborn Cotton Wash Cloth Set for Baby Face Body Natural Baby Wipes for Delicate Skin Baby Registry as Shower 11x11 inches,$12.99,5.0 out of 5 stars,https://www.amazon.com/sspa/click?ie=UTF8&spc=MTo2MzM2OTE5NDAzMjgxNjE4OjE2OTQ0MjM1MDY6c3BfbXRmOjMwMDAzMDI5OTMwNjAwMjo6MDo6&url=%2FWashcloths-Newborn-Natural-Delicate-Registry%2Fdp%2FB0C979GP2C%2Fref%3Dsr_1_24_sspa%3Fkeywords%3Dbaby%2Bcloth%26qid%3D1694423506%26sr%3D8-24-spons%26sp_csd%3Dd2lkZ2V0TmFtZT1zcF9tdGY%26psc%3D1,https://m.media-amazon.com/images/I/71D8-NojWjL._AC_UL400_.jpg
"My First Soft Book,teytoy Nontoxic Fabric Baby Cloth Activity Crinkle Soft Black and White Book for Infants Boys and Girls Early Educational Toys Perfect for Baby Shower -Pack of 6",$17.99,4.7 out of 5 stars,https://www.amazon.com/sspa/click?ie=UTF8&spc=MTo2MzM2OTE5NDAzMjgxNjE4OjE2OTQ0MjM1MDY6c3BfbXRmOjIwMDAyMDk0ODIwNzU0MTo6MDo6&url=%2Fteytoy-Nontoxic-Activity-Crinkle-Educational%2Fdp%2FB07ZGHF8WV%2Fref%3Dsr_1_25_sspa%3Fkeywords%3Dbaby%2Bcloth%26qid%3D1694423506%26sr%3D8-25-spons%26sp_csd%3Dd2lkZ2V0TmFtZT1zcF9tdGY%26psc%3D1,https://m.media-amazon.com/images/I/81tdMgXCeXL._AC_UL400_.jpg
"FOREVERPURE Baby Hooded Towel 100% Organic Bamboo Cotton, Super Absorbent, for Boys and Girls. Ultra Soft, X-Large, 35 x 35 inches. Perfect with Washcloth and Greeting Card (Pink)",$28.99,4.8 out of 5 stars,https://www.amazon.com/sspa/click?ie=UTF8&spc=MTo2MzM2OTE5NDAzMjgxNjE4OjE2OTQ0MjM1MDY6c3BfbXRmOjIwMDE2MjA5NjUwMTc5ODo6MDo6&url=%2FFOREVERPURE-Organic-Absorbent-Washcloth-Greeting%2Fdp%2FB092CYZYNC%2Fref%3Dsr_1_26_sspa%3Fkeywords%3Dbaby%2Bcloth%26qid%3D1694423506%26sr%3D8-26-spons%26sp_csd%3Dd2lkZ2V0TmFtZT1zcF9tdGY%26psc%3D1,https://m.media-amazon.com/images/I/7106Y1UflSL._AC_UL400_.jpg
"18 Packs Baby Washcloths Extra Absorbent and Soft,Comfortable Wash Cloths Baby Bath Face Towel for Unisex Boy Girl Newborn Essentials Must Haves,3 Patterns Disguised by Purposes 12""x12"",Grey",$15.99,4.6 out of 5 stars,https://www.amazon.com/sspa/click?ie=UTF8&spc=MTo2MzM2OTE5NDAzMjgxNjE4OjE2OTQ0MjM1MDY6c3BfbXRmOjMwMDAzOTc2NjEwMzgwMjo6MDo6&url=%2FWashcloths-Absorbent-Comfortable-Essentials-Disguised%2Fdp%2FB0C72HQLJJ%2Fref%3Dsr_1_27_sspa%3Fkeywords%3Dbaby%2Bcloth%26qid%3D1694423506%26sr%3D8-27-spons%26sp_csd%3Dd2lkZ2V0TmFtZT1zcF9tdGY%26psc%3D1,https://m.media-amazon.com/images/I/81lgbzGi8jL._AC_UL400_.jpg
"MUKIN Baby Washcloths- Natural Cotton Baby Wipes - Soft Newborn Baby Face Towel for Sensitive Skin- Baby Registry as Shower, 10 Pack 12x12 inches (White)",$15.99,4.8 out of 5 stars,https://www.amazon.com/Muslin-Washcloths-Natural-Cotton-Wipes/dp/B072JQFPTQ/ref=sr_1_28?keywords=baby+cloth&qid=1694423506&sr=8-28,https://m.media-amazon.com/images/I/51dYk5R9HzL._AC_UL400_.jpg
Newborn Baby Girl Clothes Infant Romper Floral Suspender Dress Ruffle Sleeve Onesie Outfit Jumpsuit Headband Spring Summer,$21.99,4.7 out of 5 stars,https://www.amazon.com/Newborn-Clothes-Summer-Suspender-Headband/dp/B09P654WFF/ref=sr_1_29?keywords=baby+cloth&qid=1694423506&sr=8-29,https://m.media-amazon.com/images/I/81a3qELxyYL._AC_UL400_.jpg
Carhartt Unisex Baby Long-sleeve Pocket Bodysuit,$14.13,5.0 out of 5 stars,https://www.amazon.com/Carhartt-Long-Sleeve-Pocket-Bodysuit-Months/dp/B0C7HKDQH3/ref=sr_1_30?keywords=baby+cloth&qid=1694423506&sr=8-30,https://m.media-amazon.com/images/I/61Tb+WnerbL._AC_UL400_.jpg
"Simple Joys by Carter's Unisex Babies' Washcloth Set, Pack of 10",$12.70,4.7 out of 5 stars,https://www.amazon.com/Simple-Joys-Carters-Washcloth-Assorted/dp/B07ZPPY284/ref=sr_1_31?keywords=baby+cloth&qid=1694423506&sr=8-31,https://m.media-amazon.com/images/I/81iV5-cxHPL._AC_UL400_.jpg
"MUKIN Baby Washcloths - Soft Face Cloths for Newborn, Absorbent Bath Face Towels, Baby Wipes, Burp Cloths or Face Towels, Baby Registry as Shower. Pack of 6-12x12 inches (Pink)",$12.99,4.7 out of 5 stars,https://www.amazon.com/sspa/click?ie=UTF8&spc=MTo2MzM2OTE5NDAzMjgxNjE4OjE2OTQ0MjM1MDY6c3BfbXRmOjMwMDAyNzAwMzcwOTYwMjo6MDo6&url=%2FMUKIN-Baby-Muslin-Washcloths-Cloths%2Fdp%2FB09BKQS64Y%2Fref%3Dsr_1_32_sspa%3Fkeywords%3Dbaby%2Bcloth%26qid%3D1694423506%26sr%3D8-32-spons%26sp_csd%3Dd2lkZ2V0TmFtZT1zcF9tdGY%26psc%3D1,https://m.media-amazon.com/images/I/61U14D8dWhL._AC_UL400_.jpg
"Mr. Pen- Muslin Burp Cloths, 4 Pack, Large, 20” x 11.5”, Colorful Burp Cloths Baby Girl, Burp Cloths Baby Boy, Burping Cloths for Babies, Burp Cloths, Muslin Washcloths, Burp Clothes",$6.85,4.8 out of 5 stars,https://www.amazon.com/Mr-Pen-Muslin-Burp-Cloths/dp/B09F9SVGJM/ref=sr_1_33?keywords=baby+cloth&qid=1694423506&sr=8-33,https://m.media-amazon.com/images/I/81vNSr+9hML._AC_UL400_.jpg
"The Children's Place Baby Family Matching, Fall Harvest Pajama Sets, Cotton",$11.71,4.6 out of 5 stars,https://www.amazon.com/Childrens-Place-Toddler-Matching-Harvest/dp/B0C26Z6SHV/ref=sr_1_34?keywords=baby+cloth&qid=1694423506&sr=8-34,https://m.media-amazon.com/images/I/81gxuuiKjIL._AC_UL400_.jpg
Simple Joys by Carter's Unisex Babies' 6-Piece Bodysuits (Short and Long Sleeve) and Pants Set,$22.80,4.8 out of 5 stars,https://www.amazon.com/Simple-Joys-Carters-6-Piece-Bodysuits/dp/B01M5JGO6D/ref=sr_1_35?keywords=baby+cloth&qid=1694423506&sr=8-35,https://m.media-amazon.com/images/I/81D7d6cfKwL._MCnd_AC_UL400_.jpg
Gerber unisex-baby 4 Pack Sleep 'N Play Footie,$22.90,4.7 out of 5 stars,https://www.amazon.com/Gerber-4-Pack-Sleep-Elephants-Months/dp/B07GG1WM9D/ref=sr_1_36?keywords=baby+cloth&qid=1694423506&sr=8-36,https://m.media-amazon.com/images/I/81bJtUSxscL._AC_UL400_.jpg
"Simple Joys by Carter's Baby Boys' Short-Sleeve Bodysuit, Pack of 6",$23.70,4.8 out of 5 stars,https://www.amazon.com/Simple-Joys-Carters-Short-Sleeve-Turquoise/dp/B01MREMXH7/ref=sr_1_37?keywords=baby+cloth&qid=1694423506&sr=8-37,https://m.media-amazon.com/images/I/91U4UktkVaL._AC_UL400_.jpg
Gerber baby-boys 4 Pack Sleep 'N Play Footie,$23.99,4.7 out of 5 stars,https://www.amazon.com/Gerber-Sleep-Footie-Jungle-Months/dp/B08BV2M73D/ref=sr_1_38?keywords=baby+cloth&qid=1694423506&sr=8-38,https://m.media-amazon.com/images/I/91-N3hxpLIL._AC_UL400_.jpg
Harry Potter Baby Boys T-Shirt and Shortall Romper Set Gifts Baby Clothes,$12.99,4.8 out of 5 stars,https://www.amazon.com/Harry-Potter-T-Shirt-Shortall-Burgundy/dp/B0C5BX1N97/ref=sr_1_39?keywords=baby+cloth&qid=1694423506&sr=8-39,https://m.media-amazon.com/images/I/91Qas84TrZL._AC_UL400_.jpg
FOOK FISH Muslin Baby Burp Cloths 6 Pack Premium Cotton Burping Rags for Newborn Ultra Soft and Absorbent Unisex Spit Up Rags for Boys and Girls Perfect Baby Registry Gift 20'' X 10'',$12.99,4.8 out of 5 stars,https://www.amazon.com/Premium-Burping-Newborn-Absorbent-Registry/dp/B08X4319RH/ref=sr_1_40?keywords=baby+cloth&qid=1694423506&sr=8-40,https://m.media-amazon.com/images/I/61EEPpOxUuL._AC_UL400_.jpg
"Simple Joys by Carter's Baby Boys' 4-Piece Jacket, Pant, and Bodysuit Set",$18.60,4.8 out of 5 stars,https://www.amazon.com/Simple-Joys-Carters-4-Piece-Bodysuit/dp/B07MY1BN8R/ref=sr_1_41?keywords=baby+cloth&qid=1694423506&sr=8-41,https://m.media-amazon.com/images/I/915fikz2NTL._MCnd_AC_UL400_.jpg
Nautica baby-boys 2 Piece Tee/Woven Pant Set,$13.80,,https://www.amazon.com/Nautica-Baby-Piece-Woven-Cherry/dp/B0C4RCDF46/ref=sr_1_42?keywords=baby+cloth&qid=1694423506&sr=8-42,https://m.media-amazon.com/images/I/618xzLC59KL._AC_UL400_.jpg
Konssy 6 Pack Baby Muslin Washcloths for Unisex 100% Cotton Wash Cloth Set for Baby Face Body Comfy and Soft for Newborn Infants Kids Girls and Boys,$13.89,4.8 out of 5 stars,https://www.amazon.com/Muslin-Washcloths-Unisex-Newborn-Infants/dp/B0B4S7B7W5/ref=sr_1_43?keywords=baby+cloth&qid=1694423506&sr=8-43,https://m.media-amazon.com/images/I/81xGi0RoYoL._AC_UL400_.jpg
Simple Joys by Carter's Unisex Babies' Hooded Sweater Jacket with Sherpa Lining,$18.00,4.8 out of 5 stars,https://www.amazon.com/Simple-Joys-Carters-Hooded-Sweater/dp/B07CMHXV56/ref=sr_1_44?keywords=baby+cloth&qid=1694423506&sr=8-44,https://m.media-amazon.com/images/I/910pajFCcPL._AC_UL400_.jpg
XUANHAO Baby Girl Clothes 12 18 24 Months Outfits For Infant Toddler Denim Girls' Clothing Ruffle Top Ripped Jeans Pant Sets,$25.99,4.7 out of 5 stars,https://www.amazon.com/XUANHAO-Clothes-Outfits-Baby-Clothing/dp/B0C9TTG79N/ref=sr_1_45?keywords=baby+cloth&qid=1694423506&sr=8-45,https://m.media-amazon.com/images/I/81IKXq6cdgL._AC_UL400_.jpg
Madjtlqy Toddler Baby Girl Fall Winter Outfit Set Plaid Romper Dress Ruffles Long Sleeve Clothes Jumpsuit with Bow Headband,$17.99,4.7 out of 5 stars,https://www.amazon.com/Toddler-Ruffles-Clothes-Jumpsuit-Headband/dp/B0C7QTR7JR/ref=sr_1_46?keywords=baby+cloth&qid=1694423506&sr=8-46,https://m.media-amazon.com/images/I/71fxLTm4l5L._AC_UL400_.jpg
"12 Pack Baby Washcloths - Extra Absorbent and Soft Wash Clothes for Newborns, Infants and Toddlers - Suitable for Baby Skin and New Born - Microfiber Coral Fleece 12x12 Inches",$12.99,4.8 out of 5 stars,https://www.amazon.com/Pack-Baby-Washcloths-Absorbent-Microfiber/dp/B08696F67M/ref=sr_1_47?keywords=baby+cloth&qid=1694423506&sr=8-47,https://m.media-amazon.com/images/I/71fj7G9scIL._AC_UL400_.jpg
Gerber Unisex Baby 5-Pack Short-Sleeve Onesies,$17.90,4.8 out of 5 stars,https://www.amazon.com/GERBER-Variety-Onesies-Bodysuits-Elephant/dp/B07QLNXJGX/ref=sr_1_48?keywords=baby+cloth&qid=1694423506&sr=8-48,https://m.media-amazon.com/images/I/81D59WQniHL._AC_UL400_.jpg
Qaoerde Toddler Baby Boy Clothes Plaid Hoodie Tops Long Sleeve Sweatshirt + MINI BOSS Pants Little Boys Fall Winter Outfits,$16.99,5.0 out of 5 stars,https://www.amazon.com/Qaoerde-Toddler-Clothes-Sweatshirt-Outfits/dp/B0CBJFR2NF/ref=sr_1_49?keywords=baby+cloth&qid=1694423506&sr=8-49,https://m.media-amazon.com/images/I/71PVMjJU2QL._AC_UL400_.jpg
"Disney Newborn Baby Boys and Girls Layette Set - 7 Piece Winnie the Pooh, Minnie Mouse, Mickey Mouse Gift Set: Infants, 0-6M",$29.99,4.8 out of 5 stars,https://www.amazon.com/Disney-Newborn-Baby-Girls-Layette/dp/B0B8DXZXSR/ref=sr_1_50?keywords=baby+cloth&qid=1694423506&sr=8-50,https://m.media-amazon.com/images/I/71EcD4L8tBL._AC_UL400_.jpg
Hudson Baby unisex-baby Cotton Long-sleeve Bodysuits,$10.07,4.7 out of 5 stars,https://www.amazon.com/Hudson-Baby-Sleeve-Bodysuits-Football/dp/B07174JS2H/ref=sr_1_51?keywords=baby+cloth&qid=1694423506&sr=8-51,https://m.media-amazon.com/images/I/81IyipLNoNL._AC_UL400_.jpg
Gerber baby-girls 8-pack Short Sleeve Onesies Bodysuits,$21.99,4.8 out of 5 stars,https://www.amazon.com/Gerber-8-Pack-Short-Sleeve-Onesies-Bodysuit/dp/B07GG1VGML/ref=sr_1_52?keywords=baby+cloth&qid=1694423506&sr=8-52,https://m.media-amazon.com/images/I/71B5Aj1A96L._AC_UL400_.jpg
Newborn Baby Boy Fall Outfit Romper Little Dude Embroidery Onesie Jumpsuit Bodysuit Tops Cute Infant Winter Clothes,$11.99,4.6 out of 5 stars,https://www.amazon.com/Sweatshirt-Embroidery-Jumpsuit-Matching-Newborn/dp/B0CF5CGTTW/ref=sr_1_53?keywords=baby+cloth&qid=1694423506&sr=8-53,https://m.media-amazon.com/images/I/61UotkgOJcL._AC_UL400_.jpg
Newborn Baby Boy Girl Clothes Ribbed Knitted Cotton Long Sleeve Romper Long Pants Solid Color Fall Winter Outfits,$16.99,4.7 out of 5 stars,https://www.amazon.com/Newborn-Clothes-Ribbed-Knitted-Outfits/dp/B08L8LLQBQ/ref=sr_1_54?keywords=baby+cloth&qid=1694423506&sr=8-54,https://m.media-amazon.com/images/I/61NmjSh0kOL._AC_UL400_.jpg
oklady Toddler Baby Girl Clothes Solid Color Ruffle Tops Floral Pants with Headband Fall Winter Cute Girl Outfits,$22.99,4.8 out of 5 stars,https://www.amazon.com/oklady-Toddler-Clothes-Headband-Outfits/dp/B0C48Z4BQW/ref=sr_1_55?keywords=baby+cloth&qid=1694423506&sr=8-55,https://m.media-amazon.com/images/I/71Vf6Jz19nL._AC_UL400_.jpg
"Simple Joys by Carter's Unisex Babies' Cotton Footed Sleep and Play, Pack of 3",$24.70,4.8 out of 5 stars,https://www.amazon.com/Simple-Joys-Carters-Neutral-Elephant/dp/B075YZ1963/ref=sr_1_56?keywords=baby+cloth&qid=1694423506&sr=8-56,https://m.media-amazon.com/images/I/91HuntPlNGL._AC_UL400_.jpg
"Simple Joys by Carter's Baby Boys' Rompers, Pack of 3",$23.80,4.8 out of 5 stars,https://www.amazon.com/Simple-Joys-Carters-Rompers-Turquoise/dp/B071WLRQ7R/ref=sr_1_57?keywords=baby+cloth&qid=1694423506&sr=8-57,https://m.media-amazon.com/images/I/91++RyE-DRL._AC_UL400_.jpg
farrubbyine8 Baby Girl Halloween Outfit Cute Pumpkin Romper Long Sleeve Bodysuit First Halloween Outfit Baby Girl Clothes,$14.99,4.7 out of 5 stars,https://www.amazon.com/Halloween-Pumpkin-Bodysuit-Newborn-Clothes/dp/B0C9GNKC69/ref=sr_1_58?keywords=baby+cloth&qid=1694423506&sr=8-58,https://m.media-amazon.com/images/I/71002S1VXgL._MCnd_AC_UL400_.jpg
SOLOYEE Baby Boy Clothes Suits Infant Gentleman Outfits Long Sleeve Dress+Suspender Pants+Bowtie+Beret Hat Wedding Set 3-18M,$28.19,5.0 out of 5 stars,https://www.amazon.com/SOLOYEE-Clothes-Gentleman-Suspender-Birthday/dp/B0C7B4KY4P/ref=sr_1_59?keywords=baby+cloth&qid=1694423506&sr=8-59,https://m.media-amazon.com/images/I/7177ND9XxyL._AC_UL400_.jpg
"Simple Joys by Carter's Unisex Babies' Short-Sleeve Bodysuit, Multipacks",$18.10,4.8 out of 5 stars,https://www.amazon.com/Simple-Joys-Carters-Short-Sleeve-Bodysuit/dp/B072V8T1KP/ref=sr_1_60?keywords=baby+cloth&qid=1694423506&sr=8-60,https://m.media-amazon.com/images/I/91oN-swVBVL._AC_UL400_.jpg
"Orighty Baby Washcloths 24-Pack(7''x9''), Microfiber Coral Fleece Baby Towels, Super Soft and Absorbent Wash Cloths for Newborns, Infants and Toddlers, Gentle on Delicate Skin for Face Hands and Body",$7.99,4.7 out of 5 stars,https://www.amazon.com/sspa/click?ie=UTF8&spc=MTo4NjQ2NTE2NDMxOTAwNjE4OjE2OTQ0MjM1MjE6c3BfYXRmOjIwMDEwNTkwMDU0NzI5ODo6MDo6&url=%2FOrighty-Washcloths-Microfiber-Absorbent-Newborns%2Fdp%2FB0B9MSNZ39%2Fref%3Dsr_1_1_sspa%3Fkeywords%3Dbaby%2Bcloth%26qid%3D1694423521%26sr%3D8-1-spons%26sp_csd%3Dd2lkZ2V0TmFtZT1zcF9hdGY%26psc%3D1,https://m.media-amazon.com/images/I/71-qbj8BNaL._AC_UL400_.jpg
Konssy 6 Pack Baby Muslin Washcloths for Unisex 100% Cotton Wash Cloth Set for Baby Face Body Comfy and Soft for Newborn Infants Kids Girls and Boys,$13.89,4.8 out of 5 stars,https://www.amazon.com/sspa/click?ie=UTF8&spc=MTo4NjQ2NTE2NDMxOTAwNjE4OjE2OTQ0MjM1MjE6c3BfYXRmOjIwMDA3NjYzNzcxMjU5ODo6MDo6&url=%2FMuslin-Washcloths-Unisex-Newborn-Infants%2Fdp%2FB0B4S7B7W5%2Fref%3Dsr_1_2_sspa%3Fkeywords%3Dbaby%2Bcloth%26qid%3D1694423521%26sr%3D8-2-spons%26sp_csd%3Dd2lkZ2V0TmFtZT1zcF9hdGY%26psc%3D1,https://m.media-amazon.com/images/I/81xGi0RoYoL._AC_UL400_.jpg
Yoofoss Muslin Burp Cloths for Baby 10 Pack 100% Cotton Baby Washcloths for Boys Girls Large 20''X10'' Super Soft and Absorbent White,$18.95,4.7 out of 5 stars,https://www.amazon.com/Muslin-Cloths-Cotton-Absorbent-YOOFOSS/dp/B088RBY8Y5/ref=sr_1_3?keywords=baby+cloth&qid=1694423521&sr=8-3,https://m.media-amazon.com/images/I/51ByeYwSPsL._AC_UL400_.jpg
"Cute Castle 12 Pack Muslin Burp Cloths for Baby - Ultra-Soft 100% Cotton Baby Washcloths - Large 20'' by 10'' Super Absorbent Milk Spit Up Rags - Burpy Cloths for Unisex, Boy, Girl - White",$11.91,4.7 out of 5 stars,https://www.amazon.com/Cute-Castle-Pack-Muslin-Cloths/dp/B09SF1318T/ref=sr_1_4?keywords=baby+cloth&qid=1694423521&sr=8-4,https://m.media-amazon.com/images/I/71bYqB7dM8L._AC_UL400_.jpg
"SWEET DOLPHIN 12 Pack Muslin Burp Cloths Large 100% Cotton Hand Washcloths for Baby - Baby Essentials Extra Absorbent and Soft Boys & Girls Milk Spit Up Rags for Newborn Registry - White, 20"" X10""",$9.99,4.8 out of 5 stars,https://www.amazon.com/SWEET-DOLPHIN-Muslin-Cloths-Washcloths/dp/B0BW3SR8K5/ref=sr_1_5?keywords=baby+cloth&qid=1694423521&sr=8-5,https://m.media-amazon.com/images/I/71wQCPhPVeL._AC_UL400_.jpg
"Comfy Cubs Muslin Burp Cloths Large 100% Cotton Hand Washcloths for Babies, Baby Essentials 6 Layers Extra Absorbent and Soft Boys & Girls Baby Rags for Newborn Registry (White, 10-Pack, 20"" X10"")",$15.16,4.8 out of 5 stars,https://www.amazon.com/Muslin-Burp-Cloths-Baby-Boy-Girl-Burping/dp/B08CBJ2SSQ/ref=sr_1_6?keywords=baby+cloth&qid=1694423521&sr=8-6,https://m.media-amazon.com/images/I/51W2oPrwa7L._AC_UL400_.jpg
HIPHOP PANDA Bamboo Baby Washcloths - 2 Layer Soft Absorbent Newborn Bath Face Towel - Natural Baby Wipes for Delicate Skin - Baby Registry as Shower(6 Pack),$9.98,4.8 out of 5 stars,https://www.amazon.com/Organic-Bamboo-Baby-Washcloths-Hypoallergenic/dp/B07PF3B1K5/ref=sr_1_7?keywords=baby+cloth&qid=1694423521&sr=8-7,https://m.media-amazon.com/images/I/61jrCipyr3L._AC_UL400_.jpg
Gerber unisex-baby 8-pack Short Sleeve Onesies Bodysuits,$21.99,4.8 out of 5 stars,https://www.amazon.com/Gerber-Short-Sleeve-Onesies-Bodysuits-Animals/dp/B081DJ36G4/ref=sr_1_8?keywords=baby+cloth&qid=1694423521&sr=8-8,https://m.media-amazon.com/images/I/815hVSJKicL._AC_UL400_.jpg
The Peanutshell Newborn Clothes & Accessories Set | 30 Piece Layette Gift Set | Fits Newborn to 3 Months | Elephant & Funny Sayings,$69.99,4.8 out of 5 stars,https://www.amazon.com/Peanutshell-Newborn-Clothes-Accessories-Elephant/dp/B0BLTDSP24/ref=sr_1_9?keywords=baby+cloth&qid=1694423521&sr=8-9,https://m.media-amazon.com/images/I/71r7qT4sHjL._AC_UL400_.jpg
"MUKIN Baby Washcloths - Soft Face Cloths for Newborn, Absorbent Bath Face Towels, Baby Wipes, Burp Cloths or Face Towels, Baby Registry as Shower. Pack of 6-12x12 inches (Blue)",$12.99,4.7 out of 5 stars,https://www.amazon.com/MUKIN-Baby-Muslin-Washcloths-Cloths/dp/B09BKSW8GW/ref=sr_1_10?keywords=baby+cloth&qid=1694423521&sr=8-10,https://m.media-amazon.com/images/I/71WEHOwGKmL._AC_UL400_.jpg
"Orighty Burp Cloths, Super Soft & Highly Absorbent Coral Fleece, 20 x 10 Inch Gentle & Large Burp Rugs for Baby Sensitive Skin - Burping Cloths for Newborn Essential, 8 Pack",$8.99,4.8 out of 5 stars,https://www.amazon.com/sspa/click?ie=UTF8&spc=MTo4NjQ2NTE2NDMxOTAwNjE4OjE2OTQ0MjM1MjE6c3BfbXRmOjIwMDEwMTA5NTk5NDg5ODo6MDo6&url=%2FOrighty-Burp-Cloths-Baby-Pack%2Fdp%2FB0B7JMPQ28%2Fref%3Dsr_1_11_sspa%3Fkeywords%3Dbaby%2Bcloth%26qid%3D1694423521%26sr%3D8-11-spons%26sp_csd%3Dd2lkZ2V0TmFtZT1zcF9tdGY%26psc%3D1,https://m.media-amazon.com/images/I/71KhCcznJ6L._AC_UL400_.jpg
"Zutano 5-Pack Organic Burp Cloths for Baby Girl & Boy, Large Cotton Burping Cloths for Babies | Absorbent Baby Spit-Up Rags | Gender Neutral Burp Clothes | Newborn Essentials, Pink Hearts",$19.50,4.7 out of 5 stars,https://www.amazon.com/sspa/click?ie=UTF8&spc=MTo4NjQ2NTE2NDMxOTAwNjE4OjE2OTQ0MjM1MjE6c3BfbXRmOjMwMDAyMTYxMzg5MDYwMjo6MDo6&url=%2FZutano-5-Pack-Organic-Cloths-Hearts%2Fdp%2FB0BLXW7S9B%2Fref%3Dsr_1_12_sspa%3Fkeywords%3Dbaby%2Bcloth%26qid%3D1694423521%26sr%3D8-12-spons%26sp_csd%3Dd2lkZ2V0TmFtZT1zcF9tdGY%26psc%3D1,https://m.media-amazon.com/images/I/917N4zHVfWL._AC_UL400_.jpg
"Burt's Bees Baby - 5 Pack of Burp Cloths, 100% Organic Cotton (1 Cloud, 1 Solid Color, 1 Honey Bee, 1 Stripe, 1 Alphabet Bee Print, Heather Grey)",$26.95,4.9 out of 5 stars,https://www.amazon.com/Burts-Bees-Baby-Absorbent-Organic/dp/B01HG74QLI/ref=sr_1_13?keywords=baby+cloth&qid=1694423521&sr=8-13,https://m.media-amazon.com/images/I/81VRJrLmKVL._AC_UL400_.jpg
"5-Pack Organic Burp Cloths for Baby Boys and Girls - Ultra Absorbent Burping Cloth, Burp Clothes, Newborn Towel - Milk Spit Up Rags - Burpy Cloth Bib for Unisex, Boy, Girl (Sweet Charm)",$21.96,4.8 out of 5 stars,https://www.amazon.com/5-Pack-Organic-Absorbent-Newborn-Clothes/dp/B0814QNTL6/ref=sr_1_14?keywords=baby+cloth&qid=1694423521&sr=8-14,https://m.media-amazon.com/images/I/81XT1ZILwqL._AC_UL400_.jpg
"Orighty Baby Washcloths 24-Pack, Microfiber Coral Fleece Baby Face Towels, Soft and Absorbent Wash Cloths for Newborns, Infants and Toddlers, Gentle on Delicate Skin for Face Hands and Body, 7x9 Inch",$8.99,4.7 out of 5 stars,https://www.amazon.com/Orighty-Washcloths-Microfiber-Absorbent-Newborns/dp/B09KRPRWXM/ref=sr_1_15?keywords=baby+cloth&qid=1694423521&sr=8-15,https://m.media-amazon.com/images/I/71yr15w-RTL._AC_UL400_.jpg
"Nightingale Muslin Bamboo Baby Washcloths - Soft Organic Baby Wash Cloths Perfect for Newborn Sensitive Skin - Absorbent Baby Wipes, Burp Cloths or Face Towels - 6 Pack (Feathers))",$19.75,4.8 out of 5 stars,https://www.amazon.com/Washcloths-Organic-Newborn-Sensitive-Registry/dp/B07PLY1G3N/ref=sr_1_16?keywords=baby+cloth&qid=1694423521&sr=8-16,https://m.media-amazon.com/images/I/81h-4gnfWoL._AC_UL400_.jpg
"Orighty Baby Washcloths 24-Pack, Microfiber Coral Fleece Baby Face Towels, Soft and Absorbent Wash Cloths for Newborns, Infants and Toddlers, Gentle on Delicate Skin for Face Hands and Body, 7x9 Inch",$8.99,4.7 out of 5 stars,https://www.amazon.com/sspa/click?ie=UTF8&spc=MTo4NjQ2NTE2NDMxOTAwNjE4OjE2OTQ0MjM1MjE6c3BfbXRmOjMwMDA0NTc1MzczNDkwMjo6MDo6&url=%2FOrighty-Washcloths-Microfiber-Absorbent-Newborns%2Fdp%2FB09KRPRWXM%2Fref%3Dsr_1_17_sspa%3Fkeywords%3Dbaby%2Bcloth%26qid%3D1694423521%26sr%3D8-17-spons%26sp_csd%3Dd2lkZ2V0TmFtZT1zcF9tdGY%26psc%3D1,https://m.media-amazon.com/images/I/71yr15w-RTL._AC_UL400_.jpg
"Baby Washcloths, Momcozy Ultra Soft Absorbent Towel, 8pcs Newborn Bath Face Towel, Natural Reusable Baby Wipes for Sensitive Skin, Baby Registry as Shower, 10""x10"" (Pink)",$9.99,4.6 out of 5 stars,https://www.amazon.com/sspa/click?ie=UTF8&spc=MTo4NjQ2NTE2NDMxOTAwNjE4OjE2OTQ0MjM1MjE6c3BfbXRmOjIwMDEyNzE2MDU5OTU5ODo6MDo6&url=%2FWashcloths-Momcozy-Absorbent-Reusable-Sensitive%2Fdp%2FB082XN4RWZ%2Fref%3Dsr_1_18_sspa%3Fkeywords%3Dbaby%2Bcloth%26qid%3D1694423521%26sr%3D8-18-spons%26sp_csd%3Dd2lkZ2V0TmFtZT1zcF9tdGY%26psc%3D1,https://m.media-amazon.com/images/I/71zWMDV+DpL._AC_UL400_.jpg
fioukiay Newborn Infant Baby Girl Clothes Romper Shorts Set Floral Summer Outfits,$17.97,4.9 out of 5 stars,https://www.amazon.com/sspa/click?ie=UTF8&spc=MTo4NjQ2NTE2NDMxOTAwNjE4OjE2OTQ0MjM1MjE6c3BfbXRmOjMwMDAzMzU0OTUxMzcwMjo6MDo6&url=%2Ffioukiay-Preemie-Clothes-Bodysuit-Clothing%2Fdp%2FB0C3GNRWB3%2Fref%3Dsr_1_19_sspa%3Fkeywords%3Dbaby%2Bcloth%26qid%3D1694423521%26sr%3D8-19-spons%26sp_csd%3Dd2lkZ2V0TmFtZT1zcF9tdGY%26psc%3D1,https://m.media-amazon.com/images/I/717zy8xzfuL._AC_UL400_.jpg
"Spasilk Baby Washcloth Wipes Set for Newborn Boys and Girls, Soft Terry, Pack of 10, Pink",$7.99,4.6 out of 5 stars,https://www.amazon.com/sspa/click?ie=UTF8&spc=MTo4NjQ2NTE2NDMxOTAwNjE4OjE2OTQ0MjM1MjE6c3BfbXRmOjIwMDEyMzAyNTU0NzY5ODo6MDo6&url=%2FSpasilk-pack-Terry-Washcloth-White%2Fdp%2FB0071H0M9E%2Fref%3Dsr_1_20_sspa%3Fkeywords%3Dbaby%2Bcloth%26qid%3D1694423521%26sr%3D8-20-spons%26sp_csd%3Dd2lkZ2V0TmFtZT1zcF9tdGY%26psc%3D1,https://m.media-amazon.com/images/I/71cQ1BzijAL._AC_UL400_.jpg
Baby Burp Cloths Muslin Washcloths 6Pack - Muslin Burp Cloths Hanky Large 20''x10'' Extra Soft Absorbent Baby Burp Rags for Newborn 100% Cotton for Boys Girls Gift 6 Layers Machine Washable,$13.99,4.8 out of 5 stars,https://www.amazon.com/Baby-Cloths-Muslin-Washcloths-6Pack/dp/B08HMGPGLM/ref=sr_1_21?keywords=baby+cloth&qid=1694423521&sr=8-21,https://m.media-amazon.com/images/I/61ZECopnAYL._AC_UL400_.jpg
"Synrroe Muslin Burp Cloths 4 Pack Large 20"" by 10"" 100% Cotton 6 Layers Extra Absorbent and Soft",$8.49,4.8 out of 5 stars,https://www.amazon.com/Muslin-Cloths-Cotton-Layers-Absorbent/dp/B07DLBP4XW/ref=sr_1_22?keywords=baby+cloth&qid=1694423521&sr=8-22,https://m.media-amazon.com/images/I/61O9kyltcYL._AC_UL400_.jpg
"Baby Msulin Washcloths Newborn Face Towel - Baby Muslin Burp Cloths 6Pack Soft Absorbent Natural Cotton Wash Towel 10""X10"" Baby Bath Towels Wipes Baby Registry as Shower",$11.29,4.5 out of 5 stars,https://www.amazon.com/Baby-Msulin-Washcloths-Newborn-Towel/dp/B0BHSWY36W/ref=sr_1_23?keywords=baby+cloth&qid=1694423521&sr=8-23,https://m.media-amazon.com/images/I/51JK8jbSZYL._AC_UL400_.jpg
Newborn Baby Girls Clothes Sets Waffle Floral Print Sleeveless Bodysuits+Ruffles Drawstring Summer Shorts+Headband,$17.99,4.5 out of 5 stars,https://www.amazon.com/Newborn-Sleeveless-Bodysuits-Drawstring-Headband/dp/B0BRQGGTCV/ref=sr_1_24?keywords=baby+cloth&qid=1694423521&sr=8-24,https://m.media-amazon.com/images/I/81CNZnoHw4L._AC_UL400_.jpg
"AMINFUN Soft Cloth Baby Book Toy,Colorful Fabric Baby Learning Book(ABC-Z Alphabet,123-10,Colour,Fruit,4 Pack),Touch and Feel Crinkle Sound,Early Educational Toy,Gift for Babies Infants Toddlers",$11.99,4.3 out of 5 stars,https://www.amazon.com/sspa/click?ie=UTF8&spc=MTo4NjQ2NTE2NDMxOTAwNjE4OjE2OTQ0MjM1MjE6c3BfbXRmOjIwMDA1NjQyODczOTY5ODo6MDo6&url=%2FAMINFUN-Colorful-Learning-Educational-Toddlers%2Fdp%2FB09CDTMF6T%2Fref%3Dsr_1_25_sspa%3Fkeywords%3Dbaby%2Bcloth%26qid%3D1694423521%26sr%3D8-25-spons%26sp_csd%3Dd2lkZ2V0TmFtZT1zcF9tdGY%26psc%3D1,https://m.media-amazon.com/images/I/91ASOihfz-L._AC_UL400_.jpg
Looxii 100% Cotton Muslin Burp Cloths Large 20''x10'' Extra Soft and Absorbent 6 Pack Baby Burping Cloth for Boys and Girls (Apricot),$13.99,4.8 out of 5 stars,https://www.amazon.com/sspa/click?ie=UTF8&spc=MTo4NjQ2NTE2NDMxOTAwNjE4OjE2OTQ0MjM1MjE6c3BfbXRmOjMwMDAyNDY4MDQ1ODMwMjo6MDo6&url=%2FMuslin-Absorbent-Burping-Looxii-Apricot%2Fdp%2FB09KRMG7CN%2Fref%3Dsr_1_26_sspa%3Fkeywords%3Dbaby%2Bcloth%26qid%3D1694423521%26sr%3D8-26-spons%26sp_csd%3Dd2lkZ2V0TmFtZT1zcF9tdGY%26psc%3D1,https://m.media-amazon.com/images/I/916tE8TP9sL._AC_UL400_.jpg
Baby Washcloths Muslin Baby Face Towels 8 Pack Soft Muslin Washcloths for Newborn Cotton Wash Cloth Set for Baby Face Body Natural Baby Wipes for Delicate Skin Baby Registry as Shower 11x11 inches,$12.99,5.0 out of 5 stars,https://www.amazon.com/sspa/click?ie=UTF8&spc=MTo4NjQ2NTE2NDMxOTAwNjE4OjE2OTQ0MjM1MjE6c3BfbXRmOjMwMDAzMDI5OTMwNjAwMjo6MDo6&url=%2FWashcloths-Newborn-Natural-Delicate-Registry%2Fdp%2FB0C979GP2C%2Fref%3Dsr_1_27_sspa%3Fkeywords%3Dbaby%2Bcloth%26qid%3D1694423521%26sr%3D8-27-spons%26sp_csd%3Dd2lkZ2V0TmFtZT1zcF9tdGY%26psc%3D1,https://m.media-amazon.com/images/I/71D8-NojWjL._AC_UL400_.jpg
"DYPER Viscose from Bamboo Baby Diapers Size 3 + Wipes | Honest Ingredients | Cloth Alternative | Day & Overnight | Made with Plant-Based* Materials | Hypoallergenic for Sensitive Skin, Unscented",$39.99,4.4 out of 5 stars,https://www.amazon.com/sspa/click?ie=UTF8&spc=MTo4NjQ2NTE2NDMxOTAwNjE4OjE2OTQ0MjM1MjE6c3BfbXRmOjIwMDE2NDE5OTA3NTg5ODo6MDo6&url=%2FDYPER-Ingredients-Alternative-Plant-Based-Hypoallergenic%2Fdp%2FB0C3MT3L9R%2Fref%3Dsr_1_28_sspa%3Fkeywords%3Dbaby%2Bcloth%26qid%3D1694423521%26sr%3D8-28-spons%26sp_csd%3Dd2lkZ2V0TmFtZT1zcF9tdGY%26psc%3D1,https://m.media-amazon.com/images/I/71z9HuhWTCL._AC_UL400_.jpg
"MUKIN Baby Washcloths- Natural Cotton Baby Wipes - Soft Newborn Baby Face Towel for Sensitive Skin- Baby Registry as Shower, 10 Pack 12x12 inches (White)",$15.99,4.8 out of 5 stars,https://www.amazon.com/Muslin-Washcloths-Natural-Cotton-Wipes/dp/B072JQFPTQ/ref=sr_1_29?keywords=baby+cloth&qid=1694423521&sr=8-29,https://m.media-amazon.com/images/I/51dYk5R9HzL._AC_UL400_.jpg
Newborn Baby Girl Clothes Infant Romper Floral Suspender Dress Ruffle Sleeve Onesie Outfit Jumpsuit Headband Spring Summer,$21.99,4.7 out of 5 stars,https://www.amazon.com/Newborn-Clothes-Summer-Suspender-Headband/dp/B09P654WFF/ref=sr_1_30?keywords=baby+cloth&qid=1694423521&sr=8-30,https://m.media-amazon.com/images/I/81a3qELxyYL._AC_UL400_.jpg
Carhartt Unisex Baby Long-sleeve Pocket Bodysuit,$14.13,5.0 out of 5 stars,https://www.amazon.com/Carhartt-Long-Sleeve-Pocket-Bodysuit-Months/dp/B0C7HKDQH3/ref=sr_1_31?keywords=baby+cloth&qid=1694423521&sr=8-31,https://m.media-amazon.com/images/I/61Tb+WnerbL._AC_UL400_.jpg
"Simple Joys by Carter's Unisex Babies' Washcloth Set, Pack of 10",$12.70,4.7 out of 5 stars,https://www.amazon.com/Simple-Joys-Carters-Washcloth-Assorted/dp/B07ZPPY284/ref=sr_1_32?keywords=baby+cloth&qid=1694423521&sr=8-32,https://m.media-amazon.com/images/I/81iV5-cxHPL._AC_UL400_.jpg
"Mr. Pen- Muslin Burp Cloths, 4 Pack, Large, 20” x 11.5”, Colorful Burp Cloths Baby Girl, Burp Cloths Baby Boy, Burping Cloths for Babies, Burp Cloths, Muslin Washcloths, Burp Clothes",$6.85,4.8 out of 5 stars,https://www.amazon.com/Mr-Pen-Muslin-Burp-Cloths/dp/B09F9SVGJM/ref=sr_1_33?keywords=baby+cloth&qid=1694423521&sr=8-33,https://m.media-amazon.com/images/I/81vNSr+9hML._AC_UL400_.jpg
"The Children's Place Baby Family Matching, Fall Harvest Pajama Sets, Cotton",$11.71,4.6 out of 5 stars,https://www.amazon.com/Childrens-Place-Toddler-Matching-Harvest/dp/B0C26Z6SHV/ref=sr_1_34?keywords=baby+cloth&qid=1694423521&sr=8-34,https://m.media-amazon.com/images/I/81gxuuiKjIL._AC_UL400_.jpg
Simple Joys by Carter's Unisex Babies' 6-Piece Bodysuits (Short and Long Sleeve) and Pants Set,$22.80,4.8 out of 5 stars,https://www.amazon.com/Simple-Joys-Carters-6-Piece-Bodysuits/dp/B01M5JGO6D/ref=sr_1_35?keywords=baby+cloth&qid=1694423521&sr=8-35,https://m.media-amazon.com/images/I/81D7d6cfKwL._MCnd_AC_UL400_.jpg
Gerber unisex-baby 4 Pack Sleep 'N Play Footie,$22.90,4.7 out of 5 stars,https://www.amazon.com/Gerber-4-Pack-Sleep-Elephants-Months/dp/B07GG1WM9D/ref=sr_1_36?keywords=baby+cloth&qid=1694423521&sr=8-36,https://m.media-amazon.com/images/I/81bJtUSxscL._AC_UL400_.jpg
"Simple Joys by Carter's Baby Boys' Short-Sleeve Bodysuit, Pack of 6",$23.70,4.8 out of 5 stars,https://www.amazon.com/Simple-Joys-Carters-Short-Sleeve-Turquoise/dp/B01MREMXH7/ref=sr_1_37?keywords=baby+cloth&qid=1694423521&sr=8-37,https://m.media-amazon.com/images/I/91U4UktkVaL._AC_UL400_.jpg
Gerber baby-boys 4 Pack Sleep 'N Play Footie,$23.99,4.7 out of 5 stars,https://www.amazon.com/Gerber-Sleep-Footie-Jungle-Months/dp/B08BV2M73D/ref=sr_1_38?keywords=baby+cloth&qid=1694423521&sr=8-38,https://m.media-amazon.com/images/I/91-N3hxpLIL._AC_UL400_.jpg
Harry Potter Baby Boys T-Shirt and Shortall Romper Set Gifts Baby Clothes,$12.99,4.8 out of 5 stars,https://www.amazon.com/Harry-Potter-T-Shirt-Shortall-Burgundy/dp/B0C5BX1N97/ref=sr_1_39?keywords=baby+cloth&qid=1694423521&sr=8-39,https://m.media-amazon.com/images/I/91Qas84TrZL._AC_UL400_.jpg
FOOK FISH Muslin Baby Burp Cloths 6 Pack Premium Cotton Burping Rags for Newborn Ultra Soft and Absorbent Unisex Spit Up Rags for Boys and Girls Perfect Baby Registry Gift 20'' X 10'',$12.99,4.8 out of 5 stars,https://www.amazon.com/Premium-Burping-Newborn-Absorbent-Registry/dp/B08X4319RH/ref=sr_1_40?keywords=baby+cloth&qid=1694423521&sr=8-40,https://m.media-amazon.com/images/I/61EEPpOxUuL._AC_UL400_.jpg
"Simple Joys by Carter's Baby Boys' 4-Piece Jacket, Pant, and Bodysuit Set",$18.60,4.8 out of 5 stars,https://www.amazon.com/Simple-Joys-Carters-4-Piece-Bodysuit/dp/B07MY1BN8R/ref=sr_1_41?keywords=baby+cloth&qid=1694423521&sr=8-41,https://m.media-amazon.com/images/I/915fikz2NTL._MCnd_AC_UL400_.jpg
Nautica baby-boys 2 Piece Tee/Woven Pant Set,$13.80,,https://www.amazon.com/Nautica-Baby-Piece-Woven-Cherry/dp/B0C4RCDF46/ref=sr_1_42?keywords=baby+cloth&qid=1694423521&sr=8-42,https://m.media-amazon.com/images/I/618xzLC59KL._AC_UL400_.jpg
Konssy 6 Pack Baby Muslin Washcloths for Unisex 100% Cotton Wash Cloth Set for Baby Face Body Comfy and Soft for Newborn Infants Kids Girls and Boys,$13.89,4.8 out of 5 stars,https://www.amazon.com/Muslin-Washcloths-Unisex-Newborn-Infants/dp/B0B4S7B7W5/ref=sr_1_43?keywords=baby+cloth&qid=1694423521&sr=8-43,https://m.media-amazon.com/images/I/81xGi0RoYoL._AC_UL400_.jpg
Simple Joys by Carter's Unisex Babies' Hooded Sweater Jacket with Sherpa Lining,$18.00,4.8 out of 5 stars,https://www.amazon.com/Simple-Joys-Carters-Hooded-Sweater/dp/B07CMHXV56/ref=sr_1_44?keywords=baby+cloth&qid=1694423521&sr=8-44,https://m.media-amazon.com/images/I/910pajFCcPL._AC_UL400_.jpg
XUANHAO Baby Girl Clothes 12 18 24 Months Outfits For Infant Toddler Denim Girls' Clothing Ruffle Top Ripped Jeans Pant Sets,$25.99,4.7 out of 5 stars,https://www.amazon.com/XUANHAO-Clothes-Outfits-Baby-Clothing/dp/B0C9TTG79N/ref=sr_1_45?keywords=baby+cloth&qid=1694423521&sr=8-45,https://m.media-amazon.com/images/I/81IKXq6cdgL._AC_UL400_.jpg
Madjtlqy Toddler Baby Girl Fall Winter Outfit Set Plaid Romper Dress Ruffles Long Sleeve Clothes Jumpsuit with Bow Headband,$17.99,4.7 out of 5 stars,https://www.amazon.com/Toddler-Ruffles-Clothes-Jumpsuit-Headband/dp/B0C7QTR7JR/ref=sr_1_46?keywords=baby+cloth&qid=1694423521&sr=8-46,https://m.media-amazon.com/images/I/71fxLTm4l5L._AC_UL400_.jpg
"12 Pack Baby Washcloths - Extra Absorbent and Soft Wash Clothes for Newborns, Infants and Toddlers - Suitable for Baby Skin and New Born - Microfiber Coral Fleece 12x12 Inches",$12.99,4.8 out of 5 stars,https://www.amazon.com/Pack-Baby-Washcloths-Absorbent-Microfiber/dp/B08696F67M/ref=sr_1_47?keywords=baby+cloth&qid=1694423521&sr=8-47,https://m.media-amazon.com/images/I/71fj7G9scIL._AC_UL400_.jpg
Gerber Unisex Baby 5-Pack Short-Sleeve Onesies,$17.90,4.8 out of 5 stars,https://www.amazon.com/GERBER-Variety-Onesies-Bodysuits-Elephant/dp/B07QLNXJGX/ref=sr_1_48?keywords=baby+cloth&qid=1694423521&sr=8-48,https://m.media-amazon.com/images/I/81D59WQniHL._AC_UL400_.jpg
Qaoerde Toddler Baby Boy Clothes Plaid Hoodie Tops Long Sleeve Sweatshirt + MINI BOSS Pants Little Boys Fall Winter Outfits,$16.99,5.0 out of 5 stars,https://www.amazon.com/Qaoerde-Toddler-Clothes-Sweatshirt-Outfits/dp/B0CBJFR2NF/ref=sr_1_49?keywords=baby+cloth&qid=1694423521&sr=8-49,https://m.media-amazon.com/images/I/71PVMjJU2QL._AC_UL400_.jpg
"Disney Newborn Baby Boys and Girls Layette Set - 7 Piece Winnie the Pooh, Minnie Mouse, Mickey Mouse Gift Set: Infants, 0-6M",$29.99,4.8 out of 5 stars,https://www.amazon.com/Disney-Newborn-Baby-Girls-Layette/dp/B0B8DXZXSR/ref=sr_1_50?keywords=baby+cloth&qid=1694423521&sr=8-50,https://m.media-amazon.com/images/I/71EcD4L8tBL._AC_UL400_.jpg
Hudson Baby unisex-baby Cotton Long-sleeve Bodysuits,$10.07,4.7 out of 5 stars,https://www.amazon.com/Hudson-Baby-Sleeve-Bodysuits-Football/dp/B07174JS2H/ref=sr_1_51?keywords=baby+cloth&qid=1694423521&sr=8-51,https://m.media-amazon.com/images/I/81IyipLNoNL._AC_UL400_.jpg
Gerber baby-girls 8-pack Short Sleeve Onesies Bodysuits,$21.99,4.8 out of 5 stars,https://www.amazon.com/Gerber-8-Pack-Short-Sleeve-Onesies-Bodysuit/dp/B07GG1VGML/ref=sr_1_52?keywords=baby+cloth&qid=1694423521&sr=8-52,https://m.media-amazon.com/images/I/71B5Aj1A96L._AC_UL400_.jpg
Newborn Baby Boy Fall Outfit Romper Little Dude Embroidery Onesie Jumpsuit Bodysuit Tops Cute Infant Winter Clothes,$11.99,4.6 out of 5 stars,https://www.amazon.com/Sweatshirt-Embroidery-Jumpsuit-Matching-Newborn/dp/B0CF5CGTTW/ref=sr_1_53?keywords=baby+cloth&qid=1694423521&sr=8-53,https://m.media-amazon.com/images/I/61UotkgOJcL._AC_UL400_.jpg
Newborn Baby Boy Girl Clothes Ribbed Knitted Cotton Long Sleeve Romper Long Pants Solid Color Fall Winter Outfits,$16.99,4.7 out of 5 stars,https://www.amazon.com/Newborn-Clothes-Ribbed-Knitted-Outfits/dp/B08L8LLQBQ/ref=sr_1_54?keywords=baby+cloth&qid=1694423521&sr=8-54,https://m.media-amazon.com/images/I/61NmjSh0kOL._AC_UL400_.jpg
oklady Toddler Baby Girl Clothes Solid Color Ruffle Tops Floral Pants with Headband Fall Winter Cute Girl Outfits,$22.99,4.8 out of 5 stars,https://www.amazon.com/oklady-Toddler-Clothes-Headband-Outfits/dp/B0C48Z4BQW/ref=sr_1_55?keywords=baby+cloth&qid=1694423521&sr=8-55,https://m.media-amazon.com/images/I/71Vf6Jz19nL._AC_UL400_.jpg
"Simple Joys by Carter's Unisex Babies' Cotton Footed Sleep and Play, Pack of 3",$24.70,4.8 out of 5 stars,https://www.amazon.com/Simple-Joys-Carters-Neutral-Elephant/dp/B075YZ1963/ref=sr_1_56?keywords=baby+cloth&qid=1694423521&sr=8-56,https://m.media-amazon.com/images/I/91HuntPlNGL._AC_UL400_.jpg
"Simple Joys by Carter's Baby Boys' Rompers, Pack of 3",$23.80,4.8 out of 5 stars,https://www.amazon.com/Simple-Joys-Carters-Rompers-Turquoise/dp/B071WLRQ7R/ref=sr_1_57?keywords=baby+cloth&qid=1694423521&sr=8-57,https://m.media-amazon.com/images/I/91++RyE-DRL._AC_UL400_.jpg
farrubbyine8 Baby Girl Halloween Outfit Cute Pumpkin Romper Long Sleeve Bodysuit First Halloween Outfit Baby Girl Clothes,$14.99,4.7 out of 5 stars,https://www.amazon.com/Halloween-Pumpkin-Bodysuit-Newborn-Clothes/dp/B0C9GNKC69/ref=sr_1_58?keywords=baby+cloth&qid=1694423521&sr=8-58,https://m.media-amazon.com/images/I/71002S1VXgL._MCnd_AC_UL400_.jpg
SOLOYEE Baby Boy Clothes Suits Infant Gentleman Outfits Long Sleeve Dress+Suspender Pants+Bowtie+Beret Hat Wedding Set 3-18M,$28.19,5.0 out of 5 stars,https://www.amazon.com/SOLOYEE-Clothes-Gentleman-Suspender-Birthday/dp/B0C7B4KY4P/ref=sr_1_59?keywords=baby+cloth&qid=1694423521&sr=8-59,https://m.media-amazon.com/images/I/7177ND9XxyL._AC_UL400_.jpg
"Simple Joys by Carter's Unisex Babies' Short-Sleeve Bodysuit, Multipacks",$18.10,4.8 out of 5 stars,https://www.amazon.com/Simple-Joys-Carters-Short-Sleeve-Bodysuit/dp/B072V8T1KP/ref=sr_1_60?keywords=baby+cloth&qid=1694423521&sr=8-60,https://m.media-amazon.com/images/I/91oN-swVBVL._AC_UL400_.jpg
"Baby Washcloths, Momcozy Ultra Soft Absorbent Towel, 8pcs Newborn Bath Face Towel, Natural Reusable Baby Wipes for Sensitive Skin, Baby Registry as Shower, 10""x10"" (Pink)",$9.99,4.6 out of 5 stars,https://www.amazon.com/sspa/click?ie=UTF8&spc=MTo3ODc1MDMyOTE1OTkwNjE4OjE2OTQ0MjM1NDM6c3BfYXRmOjIwMDEyNzE2MDU5OTU5ODo6MDo6&url=%2FWashcloths-Momcozy-Absorbent-Reusable-Sensitive%2Fdp%2FB082XN4RWZ%2Fref%3Dsr_1_1_sspa%3Fkeywords%3Dbaby%2Bcloth%26qid%3D1694423543%26sr%3D8-1-spons%26sp_csd%3Dd2lkZ2V0TmFtZT1zcF9hdGY%26psc%3D1,https://m.media-amazon.com/images/I/71zWMDV+DpL._AC_UL400_.jpg
Yoofoss Muslin Burp Cloths for Baby 10 Pack 100% Cotton Baby Washcloths for Boys Girls Large 20''X10'' Super Soft and Absorbent White,$18.95,4.7 out of 5 stars,https://www.amazon.com/Muslin-Cloths-Cotton-Absorbent-YOOFOSS/dp/B088RBY8Y5/ref=sr_1_2?keywords=baby+cloth&qid=1694423543&sr=8-2,https://m.media-amazon.com/images/I/51ByeYwSPsL._AC_UL400_.jpg
"Cute Castle 12 Pack Muslin Burp Cloths for Baby - Ultra-Soft 100% Cotton Baby Washcloths - Large 20'' by 10'' Super Absorbent Milk Spit Up Rags - Burpy Cloths for Unisex, Boy, Girl - White",$11.91,4.7 out of 5 stars,https://www.amazon.com/Cute-Castle-Pack-Muslin-Cloths/dp/B09SF1318T/ref=sr_1_3?keywords=baby+cloth&qid=1694423543&sr=8-3,https://m.media-amazon.com/images/I/71bYqB7dM8L._AC_UL400_.jpg
"SWEET DOLPHIN 12 Pack Muslin Burp Cloths Large 100% Cotton Hand Washcloths for Baby - Baby Essentials Extra Absorbent and Soft Boys & Girls Milk Spit Up Rags for Newborn Registry - White, 20"" X10""",$9.99,4.8 out of 5 stars,https://www.amazon.com/SWEET-DOLPHIN-Muslin-Cloths-Washcloths/dp/B0BW3SR8K5/ref=sr_1_4?keywords=baby+cloth&qid=1694423543&sr=8-4,https://m.media-amazon.com/images/I/71wQCPhPVeL._AC_UL400_.jpg
"Comfy Cubs Muslin Burp Cloths Large 100% Cotton Hand Washcloths for Babies, Baby Essentials 6 Layers Extra Absorbent and Soft Boys & Girls Baby Rags for Newborn Registry (White, 10-Pack, 20"" X10"")",$15.16,4.8 out of 5 stars,https://www.amazon.com/Muslin-Burp-Cloths-Baby-Boy-Girl-Burping/dp/B08CBJ2SSQ/ref=sr_1_5?keywords=baby+cloth&qid=1694423543&sr=8-5,https://m.media-amazon.com/images/I/51W2oPrwa7L._AC_UL400_.jpg
HIPHOP PANDA Bamboo Baby Washcloths - 2 Layer Soft Absorbent Newborn Bath Face Towel - Natural Baby Wipes for Delicate Skin - Baby Registry as Shower(6 Pack),$9.98,4.8 out of 5 stars,https://www.amazon.com/Organic-Bamboo-Baby-Washcloths-Hypoallergenic/dp/B07PF3B1K5/ref=sr_1_6?keywords=baby+cloth&qid=1694423543&sr=8-6,https://m.media-amazon.com/images/I/61jrCipyr3L._AC_UL400_.jpg
Gerber unisex-baby 8-pack Short Sleeve Onesies Bodysuits,$21.99,4.8 out of 5 stars,https://www.amazon.com/Gerber-Short-Sleeve-Onesies-Bodysuits-Animals/dp/B081DJ36G4/ref=sr_1_7?keywords=baby+cloth&qid=1694423543&sr=8-7,https://m.media-amazon.com/images/I/815hVSJKicL._AC_UL400_.jpg
The Peanutshell Newborn Clothes & Accessories Set | 30 Piece Layette Gift Set | Fits Newborn to 3 Months | Elephant & Funny Sayings,$69.99,4.8 out of 5 stars,https://www.amazon.com/Peanutshell-Newborn-Clothes-Accessories-Elephant/dp/B0BLTDSP24/ref=sr_1_8?keywords=baby+cloth&qid=1694423543&sr=8-8,https://m.media-amazon.com/images/I/71r7qT4sHjL._AC_UL400_.jpg
"MUKIN Baby Washcloths - Soft Face Cloths for Newborn, Absorbent Bath Face Towels, Baby Wipes, Burp Cloths or Face Towels, Baby Registry as Shower. Pack of 6-12x12 inches (Blue)",$12.99,4.7 out of 5 stars,https://www.amazon.com/MUKIN-Baby-Muslin-Washcloths-Cloths/dp/B09BKSW8GW/ref=sr_1_9?keywords=baby+cloth&qid=1694423543&sr=8-9,https://m.media-amazon.com/images/I/71WEHOwGKmL._AC_UL400_.jpg
"Burt's Bees Baby - 5 Pack of Burp Cloths, 100% Organic Cotton (1 Cloud, 1 Solid Color, 1 Honey Bee, 1 Stripe, 1 Alphabet Bee Print, Heather Grey)",$26.95,4.9 out of 5 stars,https://www.amazon.com/Burts-Bees-Baby-Absorbent-Organic/dp/B01HG74QLI/ref=sr_1_10?keywords=baby+cloth&qid=1694423543&sr=8-10,https://m.media-amazon.com/images/I/81VRJrLmKVL._AC_UL400_.jpg
"Orighty Baby Washcloths 24-Pack(7''x9''), Microfiber Coral Fleece Baby Towels, Super Soft and Absorbent Wash Cloths for Newborns, Infants and Toddlers, Gentle on Delicate Skin for Face Hands and Body",$7.99,4.7 out of 5 stars,https://www.amazon.com/sspa/click?ie=UTF8&spc=MTo3ODc1MDMyOTE1OTkwNjE4OjE2OTQ0MjM1NDM6c3BfbXRmOjIwMDEwNTkwMDU0NzI5ODo6MDo6&url=%2FOrighty-Washcloths-Microfiber-Absorbent-Newborns%2Fdp%2FB0B9MSNZ39%2Fref%3Dsr_1_11_sspa%3Fkeywords%3Dbaby%2Bcloth%26qid%3D1694423543%26sr%3D8-11-spons%26sp_csd%3Dd2lkZ2V0TmFtZT1zcF9tdGY%26psc%3D1,https://m.media-amazon.com/images/I/71-qbj8BNaL._AC_UL400_.jpg
"5-Pack Organic Burp Cloths for Baby Boys and Girls - Ultra Absorbent Burping Cloth, Burp Clothes, Newborn Towel - Milk Spit Up Rags - Burpy Cloth Bib for Unisex, Boy, Girl (Sweet Charm)",$21.96,4.8 out of 5 stars,https://www.amazon.com/5-Pack-Organic-Absorbent-Newborn-Clothes/dp/B0814QNTL6/ref=sr_1_12?keywords=baby+cloth&qid=1694423543&sr=8-12,https://m.media-amazon.com/images/I/81XT1ZILwqL._AC_UL400_.jpg
"Orighty Baby Washcloths 24-Pack, Microfiber Coral Fleece Baby Face Towels, Soft and Absorbent Wash Cloths for Newborns, Infants and Toddlers, Gentle on Delicate Skin for Face Hands and Body, 7x9 Inch",$8.99,4.7 out of 5 stars,https://www.amazon.com/Orighty-Washcloths-Microfiber-Absorbent-Newborns/dp/B09KRPRWXM/ref=sr_1_13?keywords=baby+cloth&qid=1694423543&sr=8-13,https://m.media-amazon.com/images/I/71yr15w-RTL._AC_UL400_.jpg
"Nightingale Muslin Bamboo Baby Washcloths - Soft Organic Baby Wash Cloths Perfect for Newborn Sensitive Skin - Absorbent Baby Wipes, Burp Cloths or Face Towels - 6 Pack (Feathers))",$19.75,4.8 out of 5 stars,https://www.amazon.com/Washcloths-Organic-Newborn-Sensitive-Registry/dp/B07PLY1G3N/ref=sr_1_14?keywords=baby+cloth&qid=1694423543&sr=8-14,https://m.media-amazon.com/images/I/81h-4gnfWoL._AC_UL400_.jpg
Baby Burp Cloths Muslin Washcloths 6Pack - Muslin Burp Cloths Hanky Large 20''x10'' Extra Soft Absorbent Baby Burp Rags for Newborn 100% Cotton for Boys Girls Gift 6 Layers Machine Washable,$13.99,4.8 out of 5 stars,https://www.amazon.com/Baby-Cloths-Muslin-Washcloths-6Pack/dp/B08HMGPGLM/ref=sr_1_15?keywords=baby+cloth&qid=1694423543&sr=8-15,https://m.media-amazon.com/images/I/61ZECopnAYL._AC_UL400_.jpg
"Synrroe Muslin Burp Cloths 4 Pack Large 20"" by 10"" 100% Cotton 6 Layers Extra Absorbent and Soft",$8.49,4.8 out of 5 stars,https://www.amazon.com/Muslin-Cloths-Cotton-Layers-Absorbent/dp/B07DLBP4XW/ref=sr_1_16?keywords=baby+cloth&qid=1694423543&sr=8-16,https://m.media-amazon.com/images/I/61O9kyltcYL._AC_UL400_.jpg
"mushie Muslin Baby Burp Cloths | 100% Organic Cotton, Set of 2 (Fall Yellow/Fog)",$21.00,4.9 out of 5 stars,https://www.amazon.com/sspa/click?ie=UTF8&spc=MTo3ODc1MDMyOTE1OTkwNjE4OjE2OTQ0MjM1NDM6c3BfbXRmOjIwMDA2OTU1NDg4MTgxMTo6MDo6&url=%2Fmushie-Muslin-Cloths-Organic-Cotton%2Fdp%2FB08MVC3J8W%2Fref%3Dsr_1_17_sspa%3Fkeywords%3Dbaby%2Bcloth%26qid%3D1694423543%26sr%3D8-17-spons%26sp_csd%3Dd2lkZ2V0TmFtZT1zcF9tdGY%26psc%3D1,https://m.media-amazon.com/images/I/91Def8Gk+WL._AC_UL400_.jpg
"MUKIN Baby Washcloths - Soft Face Cloths for Newborn, Absorbent Bath Face Towels, Baby Wipes, Burp Cloths or Face Towels, Baby Registry as Shower. Pack of 6-12x12 inches (Pink)",$12.99,4.7 out of 5 stars,https://www.amazon.com/sspa/click?ie=UTF8&spc=MTo3ODc1MDMyOTE1OTkwNjE4OjE2OTQ0MjM1NDM6c3BfbXRmOjMwMDAyMTc3NDQ4OTQwMjo6MDo6&url=%2FMUKIN-Baby-Muslin-Washcloths-Cloths%2Fdp%2FB09BKQS64Y%2Fref%3Dsr_1_18_sspa%3Fkeywords%3Dbaby%2Bcloth%26qid%3D1694423543%26sr%3D8-18-spons%26sp_csd%3Dd2lkZ2V0TmFtZT1zcF9tdGY%26psc%3D1,https://m.media-amazon.com/images/I/61U14D8dWhL._AC_UL400_.jpg
"mushie Muslin Baby Cloths | 100% Organic Cotton | 23.5"" x 23.5"" (Rainbows) 3-Pack",$22.00,4.8 out of 5 stars,https://www.amazon.com/sspa/click?ie=UTF8&spc=MTo3ODc1MDMyOTE1OTkwNjE4OjE2OTQ0MjM1NDM6c3BfbXRmOjIwMDAzNTg2MzA0NDU5ODo6MDo6&url=%2Fmushie-Muslin-Cloths-Organic-Rainbows%2Fdp%2FB09PFT7W7M%2Fref%3Dsr_1_19_sspa%3Fkeywords%3Dbaby%2Bcloth%26qid%3D1694423543%26sr%3D8-19-spons%26sp_csd%3Dd2lkZ2V0TmFtZT1zcF9tdGY%26psc%3D1,https://m.media-amazon.com/images/I/71W0rC21LoL._AC_UL400_.jpg
"DYPER Viscose from Bamboo Baby Diapers Size 3 + Wipes | Honest Ingredients | Cloth Alternative | Day & Overnight | Made with Plant-Based* Materials | Hypoallergenic for Sensitive Skin, Unscented",$39.99,4.4 out of 5 stars,https://www.amazon.com/sspa/click?ie=UTF8&spc=MTo3ODc1MDMyOTE1OTkwNjE4OjE2OTQ0MjM1NDM6c3BfbXRmOjIwMDE2NDE5OTA3NTg5ODo6MDo6&url=%2FDYPER-Ingredients-Alternative-Plant-Based-Hypoallergenic%2Fdp%2FB0C3MT3L9R%2Fref%3Dsr_1_20_sspa%3Fkeywords%3Dbaby%2Bcloth%26qid%3D1694423543%26sr%3D8-20-spons%26sp_csd%3Dd2lkZ2V0TmFtZT1zcF9tdGY%26psc%3D1,https://m.media-amazon.com/images/I/71z9HuhWTCL._AC_UL400_.jpg
"Baby Msulin Washcloths Newborn Face Towel - Baby Muslin Burp Cloths 6Pack Soft Absorbent Natural Cotton Wash Towel 10""X10"" Baby Bath Towels Wipes Baby Registry as Shower",$11.29,4.5 out of 5 stars,https://www.amazon.com/Baby-Msulin-Washcloths-Newborn-Towel/dp/B0BHSWY36W/ref=sr_1_21?keywords=baby+cloth&qid=1694423543&sr=8-21,https://m.media-amazon.com/images/I/51JK8jbSZYL._AC_UL400_.jpg
Newborn Baby Girls Clothes Sets Waffle Floral Print Sleeveless Bodysuits+Ruffles Drawstring Summer Shorts+Headband,$17.99,4.5 out of 5 stars,https://www.amazon.com/Newborn-Sleeveless-Bodysuits-Drawstring-Headband/dp/B0BRQGGTCV/ref=sr_1_22?keywords=baby+cloth&qid=1694423543&sr=8-22,https://m.media-amazon.com/images/I/81CNZnoHw4L._AC_UL400_.jpg
"MUKIN Baby Washcloths- Natural Cotton Baby Wipes - Soft Newborn Baby Face Towel for Sensitive Skin- Baby Registry as Shower, 10 Pack 12x12 inches (White)",$15.99,4.8 out of 5 stars,https://www.amazon.com/Muslin-Washcloths-Natural-Cotton-Wipes/dp/B072JQFPTQ/ref=sr_1_23?keywords=baby+cloth&qid=1694423543&sr=8-23,https://m.media-amazon.com/images/I/51dYk5R9HzL._AC_UL400_.jpg
Newborn Baby Girl Clothes Infant Romper Floral Suspender Dress Ruffle Sleeve Onesie Outfit Jumpsuit Headband Spring Summer,$21.99,4.7 out of 5 stars,https://www.amazon.com/Newborn-Clothes-Summer-Suspender-Headband/dp/B09P654WFF/ref=sr_1_24?keywords=baby+cloth&qid=1694423543&sr=8-24,https://m.media-amazon.com/images/I/81a3qELxyYL._AC_UL400_.jpg
"Zutano 5-Pack Organic Burp Cloths for Baby Girl & Boy, Large Cotton Burping Cloths for Babies | Absorbent Baby Spit-Up Rags | Gender Neutral Burp Clothes | Newborn Essentials, Pink Hearts",$19.50,4.7 out of 5 stars,https://www.amazon.com/sspa/click?ie=UTF8&spc=MTo3ODc1MDMyOTE1OTkwNjE4OjE2OTQ0MjM1NDM6c3BfbXRmOjMwMDAyMTYxMzg5MDYwMjo6MDo6&url=%2FZutano-5-Pack-Organic-Cloths-Hearts%2Fdp%2FB0BLXW7S9B%2Fref%3Dsr_1_25_sspa%3Fkeywords%3Dbaby%2Bcloth%26qid%3D1694423543%26sr%3D8-25-spons%26sp_csd%3Dd2lkZ2V0TmFtZT1zcF9tdGY%26psc%3D1,https://m.media-amazon.com/images/I/917N4zHVfWL._AC_UL400_.jpg
"18 Packs Baby Washcloths Extra Absorbent and Soft,Comfortable Wash Cloths Baby Bath Face Towel for Unisex Boy Girl Newborn Essentials Must Haves,3 Patterns Disguised by Purposes 12""x12"",Grey",$15.99,4.6 out of 5 stars,https://www.amazon.com/sspa/click?ie=UTF8&spc=MTo3ODc1MDMyOTE1OTkwNjE4OjE2OTQ0MjM1NDM6c3BfbXRmOjMwMDAzOTc2NjEwMzgwMjo6MDo6&url=%2FWashcloths-Absorbent-Comfortable-Essentials-Disguised%2Fdp%2FB0C72HQLJJ%2Fref%3Dsr_1_26_sspa%3Fkeywords%3Dbaby%2Bcloth%26qid%3D1694423543%26sr%3D8-26-spons%26sp_csd%3Dd2lkZ2V0TmFtZT1zcF9tdGY%26psc%3D1,https://m.media-amazon.com/images/I/81lgbzGi8jL._AC_UL400_.jpg
Baby Washcloths Muslin Baby Face Towels 8 Pack Soft Muslin Washcloths for Newborn Cotton Wash Cloth Set for Baby Face Body Natural Baby Wipes for Delicate Skin Baby Registry as Shower 11x11 inches,$12.99,5.0 out of 5 stars,https://www.amazon.com/sspa/click?ie=UTF8&spc=MTo3ODc1MDMyOTE1OTkwNjE4OjE2OTQ0MjM1NDM6c3BfbXRmOjMwMDAzMDI5OTMwNjAwMjo6MDo6&url=%2FWashcloths-Newborn-Natural-Delicate-Registry%2Fdp%2FB0C979GP2C%2Fref%3Dsr_1_27_sspa%3Fkeywords%3Dbaby%2Bcloth%26qid%3D1694423543%26sr%3D8-27-spons%26sp_csd%3Dd2lkZ2V0TmFtZT1zcF9tdGY%26psc%3D1,https://m.media-amazon.com/images/I/71D8-NojWjL._AC_UL400_.jpg
Fernvia Infant Baby Girl Clothes Suspenders Short Sleeve Ribbed Romper Flared Pants Set Headband 3pcs Summer Outfit,$17.99,4.7 out of 5 stars,https://www.amazon.com/sspa/click?ie=UTF8&spc=MTo3ODc1MDMyOTE1OTkwNjE4OjE2OTQ0MjM1NDM6c3BfbXRmOjMwMDAyMzk0MDI1MjYwMjo6MDo6&url=%2FFernvia-Infant-Clothes-Suspenders-Headband%2Fdp%2FB0BQDZ45WF%2Fref%3Dsr_1_28_sspa%3Fkeywords%3Dbaby%2Bcloth%26qid%3D1694423543%26sr%3D8-28-spons%26sp_csd%3Dd2lkZ2V0TmFtZT1zcF9tdGY%26psc%3D1,https://m.media-amazon.com/images/I/71pIPqt5e2L._AC_UL400_.jpg
Carhartt Unisex Baby Long-sleeve Pocket Bodysuit,$14.13,5.0 out of 5 stars,https://www.amazon.com/Carhartt-Long-Sleeve-Pocket-Bodysuit-Months/dp/B0C7HKDQH3/ref=sr_1_29?keywords=baby+cloth&qid=1694423543&sr=8-29,https://m.media-amazon.com/images/I/61Tb+WnerbL._AC_UL400_.jpg
"Simple Joys by Carter's Unisex Babies' Washcloth Set, Pack of 10",$12.70,4.7 out of 5 stars,https://www.amazon.com/Simple-Joys-Carters-Washcloth-Assorted/dp/B07ZPPY284/ref=sr_1_30?keywords=baby+cloth&qid=1694423543&sr=8-30,https://m.media-amazon.com/images/I/81iV5-cxHPL._AC_UL400_.jpg
"Mr. Pen- Muslin Burp Cloths, 4 Pack, Large, 20” x 11.5”, Colorful Burp Cloths Baby Girl, Burp Cloths Baby Boy, Burping Cloths for Babies, Burp Cloths, Muslin Washcloths, Burp Clothes",$6.85,4.8 out of 5 stars,https://www.amazon.com/Mr-Pen-Muslin-Burp-Cloths/dp/B09F9SVGJM/ref=sr_1_31?keywords=baby+cloth&qid=1694423543&sr=8-31,https://m.media-amazon.com/images/I/81vNSr+9hML._AC_UL400_.jpg
"The Children's Place Baby Family Matching, Fall Harvest Pajama Sets, Cotton",$11.71,4.6 out of 5 stars,https://www.amazon.com/Childrens-Place-Toddler-Matching-Harvest/dp/B0C26Z6SHV/ref=sr_1_32?keywords=baby+cloth&qid=1694423543&sr=8-32,https://m.media-amazon.com/images/I/81gxuuiKjIL._AC_UL400_.jpg
Konssy 6 Pack Baby Muslin Washcloths for Unisex 100% Cotton Wash Cloth Set for Baby Face Body Comfy and Soft for Newborn Infants Kids Girls and Boys,$13.89,4.8 out of 5 stars,https://www.amazon.com/sspa/click?ie=UTF8&spc=MTo3ODc1MDMyOTE1OTkwNjE4OjE2OTQ0MjM1NDM6c3BfbXRmOjMwMDAwNzk3NTcyNTkwMjo6MDo6&url=%2FMuslin-Washcloths-Unisex-Newborn-Infants%2Fdp%2FB0B4S7B7W5%2Fref%3Dsr_1_33_sspa%3Fkeywords%3Dbaby%2Bcloth%26qid%3D1694423543%26sr%3D8-33-spons%26sp_csd%3Dd2lkZ2V0TmFtZT1zcF9tdGY%26psc%3D1,https://m.media-amazon.com/images/I/81xGi0RoYoL._AC_UL400_.jpg
"AMINFUN Soft Cloth Baby Book Toy,Colorful Fabric Baby Learning Book(ABC-Z Alphabet,123-10,Colour,Fruit,4 Pack),Touch and Feel Crinkle Sound,Early Educational Toy,Gift for Babies Infants Toddlers",$11.99,4.3 out of 5 stars,https://www.amazon.com/sspa/click?ie=UTF8&spc=MTo3ODc1MDMyOTE1OTkwNjE4OjE2OTQ0MjM1NDM6c3BfbXRmOjIwMDA1NjQyODczOTY5ODo6MDo6&url=%2FAMINFUN-Colorful-Learning-Educational-Toddlers%2Fdp%2FB09CDTMF6T%2Fref%3Dsr_1_34_sspa%3Fkeywords%3Dbaby%2Bcloth%26qid%3D1694423543%26sr%3D8-34-spons%26sp_csd%3Dd2lkZ2V0TmFtZT1zcF9tdGY%26psc%3D1,https://m.media-amazon.com/images/I/91ASOihfz-L._AC_UL400_.jpg
Simple Joys by Carter's Unisex Babies' 6-Piece Bodysuits (Short and Long Sleeve) and Pants Set,$22.80,4.8 out of 5 stars,https://www.amazon.com/Simple-Joys-Carters-6-Piece-Bodysuits/dp/B01M5JGO6D/ref=sr_1_35?keywords=baby+cloth&qid=1694423543&sr=8-35,https://m.media-amazon.com/images/I/81D7d6cfKwL._MCnd_AC_UL400_.jpg
Gerber unisex-baby 4 Pack Sleep 'N Play Footie,$22.90,4.7 out of 5 stars,https://www.amazon.com/Gerber-4-Pack-Sleep-Elephants-Months/dp/B07GG1WM9D/ref=sr_1_36?keywords=baby+cloth&qid=1694423543&sr=8-36,https://m.media-amazon.com/images/I/81bJtUSxscL._AC_UL400_.jpg
"Simple Joys by Carter's Baby Boys' Short-Sleeve Bodysuit, Pack of 6",$23.70,4.8 out of 5 stars,https://www.amazon.com/Simple-Joys-Carters-Short-Sleeve-Turquoise/dp/B01MREMXH7/ref=sr_1_37?keywords=baby+cloth&qid=1694423543&sr=8-37,https://m.media-amazon.com/images/I/91U4UktkVaL._AC_UL400_.jpg
Gerber baby-boys 4 Pack Sleep 'N Play Footie,$23.99,4.7 out of 5 stars,https://www.amazon.com/Gerber-Sleep-Footie-Jungle-Months/dp/B08BV2M73D/ref=sr_1_38?keywords=baby+cloth&qid=1694423543&sr=8-38,https://m.media-amazon.com/images/I/91-N3hxpLIL._AC_UL400_.jpg
Harry Potter Baby Boys T-Shirt and Shortall Romper Set Gifts Baby Clothes,$12.99,4.8 out of 5 stars,https://www.amazon.com/Harry-Potter-T-Shirt-Shortall-Burgundy/dp/B0C5BX1N97/ref=sr_1_39?keywords=baby+cloth&qid=1694423543&sr=8-39,https://m.media-amazon.com/images/I/91Qas84TrZL._AC_UL400_.jpg
FOOK FISH Muslin Baby Burp Cloths 6 Pack Premium Cotton Burping Rags for Newborn Ultra Soft and Absorbent Unisex Spit Up Rags for Boys and Girls Perfect Baby Registry Gift 20'' X 10'',$12.99,4.8 out of 5 stars,https://www.amazon.com/Premium-Burping-Newborn-Absorbent-Registry/dp/B08X4319RH/ref=sr_1_40?keywords=baby+cloth&qid=1694423543&sr=8-40,https://m.media-amazon.com/images/I/61EEPpOxUuL._AC_UL400_.jpg
"Simple Joys by Carter's Baby Boys' 4-Piece Jacket, Pant, and Bodysuit Set",$18.60,4.8 out of 5 stars,https://www.amazon.com/Simple-Joys-Carters-4-Piece-Bodysuit/dp/B07MY1BN8R/ref=sr_1_41?keywords=baby+cloth&qid=1694423543&sr=8-41,https://m.media-amazon.com/images/I/915fikz2NTL._MCnd_AC_UL400_.jpg
Nautica baby-boys 2 Piece Tee/Woven Pant Set,$13.80,,https://www.amazon.com/Nautica-Baby-Piece-Woven-Cherry/dp/B0C4RCDF46/ref=sr_1_42?keywords=baby+cloth&qid=1694423543&sr=8-42,https://m.media-amazon.com/images/I/618xzLC59KL._AC_UL400_.jpg
Konssy 6 Pack Baby Muslin Washcloths for Unisex 100% Cotton Wash Cloth Set for Baby Face Body Comfy and Soft for Newborn Infants Kids Girls and Boys,$13.89,4.8 out of 5 stars,https://www.amazon.com/Muslin-Washcloths-Unisex-Newborn-Infants/dp/B0B4S7B7W5/ref=sr_1_43?keywords=baby+cloth&qid=1694423543&sr=8-43,https://m.media-amazon.com/images/I/81xGi0RoYoL._AC_UL400_.jpg
Simple Joys by Carter's Unisex Babies' Hooded Sweater Jacket with Sherpa Lining,$18.00,4.8 out of 5 stars,https://www.amazon.com/Simple-Joys-Carters-Hooded-Sweater/dp/B07CMHXV56/ref=sr_1_44?keywords=baby+cloth&qid=1694423543&sr=8-44,https://m.media-amazon.com/images/I/910pajFCcPL._AC_UL400_.jpg
XUANHAO Baby Girl Clothes 12 18 24 Months Outfits For Infant Toddler Denim Girls' Clothing Ruffle Top Ripped Jeans Pant Sets,$25.99,4.7 out of 5 stars,https://www.amazon.com/XUANHAO-Clothes-Outfits-Baby-Clothing/dp/B0C9TTG79N/ref=sr_1_45?keywords=baby+cloth&qid=1694423543&sr=8-45,https://m.media-amazon.com/images/I/81IKXq6cdgL._AC_UL400_.jpg
Madjtlqy Toddler Baby Girl Fall Winter Outfit Set Plaid Romper Dress Ruffles Long Sleeve Clothes Jumpsuit with Bow Headband,$17.99,4.7 out of 5 stars,https://www.amazon.com/Toddler-Ruffles-Clothes-Jumpsuit-Headband/dp/B0C7QTR7JR/ref=sr_1_46?keywords=baby+cloth&qid=1694423543&sr=8-46,https://m.media-amazon.com/images/I/71fxLTm4l5L._AC_UL400_.jpg
"12 Pack Baby Washcloths - Extra Absorbent and Soft Wash Clothes for Newborns, Infants and Toddlers - Suitable for Baby Skin and New Born - Microfiber Coral Fleece 12x12 Inches",$12.99,4.8 out of 5 stars,https://www.amazon.com/Pack-Baby-Washcloths-Absorbent-Microfiber/dp/B08696F67M/ref=sr_1_47?keywords=baby+cloth&qid=1694423543&sr=8-47,https://m.media-amazon.com/images/I/71fj7G9scIL._AC_UL400_.jpg
Gerber Unisex Baby 5-Pack Short-Sleeve Onesies,$17.90,4.8 out of 5 stars,https://www.amazon.com/GERBER-Variety-Onesies-Bodysuits-Elephant/dp/B07QLNXJGX/ref=sr_1_48?keywords=baby+cloth&qid=1694423543&sr=8-48,https://m.media-amazon.com/images/I/81D59WQniHL._AC_UL400_.jpg
Qaoerde Toddler Baby Boy Clothes Plaid Hoodie Tops Long Sleeve Sweatshirt + MINI BOSS Pants Little Boys Fall Winter Outfits,$16.99,5.0 out of 5 stars,https://www.amazon.com/Qaoerde-Toddler-Clothes-Sweatshirt-Outfits/dp/B0CBJFR2NF/ref=sr_1_49?keywords=baby+cloth&qid=1694423543&sr=8-49,https://m.media-amazon.com/images/I/71PVMjJU2QL._AC_UL400_.jpg
"Disney Newborn Baby Boys and Girls Layette Set - 7 Piece Winnie the Pooh, Minnie Mouse, Mickey Mouse Gift Set: Infants, 0-6M",$29.99,4.8 out of 5 stars,https://www.amazon.com/Disney-Newborn-Baby-Girls-Layette/dp/B0B8DXZXSR/ref=sr_1_50?keywords=baby+cloth&qid=1694423543&sr=8-50,https://m.media-amazon.com/images/I/71EcD4L8tBL._AC_UL400_.jpg
Hudson Baby unisex-baby Cotton Long-sleeve Bodysuits,$10.07,4.7 out of 5 stars,https://www.amazon.com/Hudson-Baby-Sleeve-Bodysuits-Football/dp/B07174JS2H/ref=sr_1_51?keywords=baby+cloth&qid=1694423543&sr=8-51,https://m.media-amazon.com/images/I/81IyipLNoNL._AC_UL400_.jpg
Gerber baby-girls 8-pack Short Sleeve Onesies Bodysuits,$21.99,4.8 out of 5 stars,https://www.amazon.com/Gerber-8-Pack-Short-Sleeve-Onesies-Bodysuit/dp/B07GG1VGML/ref=sr_1_52?keywords=baby+cloth&qid=1694423543&sr=8-52,https://m.media-amazon.com/images/I/71B5Aj1A96L._AC_UL400_.jpg
Newborn Baby Boy Fall Outfit Romper Little Dude Embroidery Onesie Jumpsuit Bodysuit Tops Cute Infant Winter Clothes,$11.99,4.6 out of 5 stars,https://www.amazon.com/Sweatshirt-Embroidery-Jumpsuit-Matching-Newborn/dp/B0CF5CGTTW/ref=sr_1_53?keywords=baby+cloth&qid=1694423543&sr=8-53,https://m.media-amazon.com/images/I/61UotkgOJcL._AC_UL400_.jpg
Newborn Baby Boy Girl Clothes Ribbed Knitted Cotton Long Sleeve Romper Long Pants Solid Color Fall Winter Outfits,$16.99,4.7 out of 5 stars,https://www.amazon.com/Newborn-Clothes-Ribbed-Knitted-Outfits/dp/B08L8LLQBQ/ref=sr_1_54?keywords=baby+cloth&qid=1694423543&sr=8-54,https://m.media-amazon.com/images/I/61NmjSh0kOL._AC_UL400_.jpg
oklady Toddler Baby Girl Clothes Solid Color Ruffle Tops Floral Pants with Headband Fall Winter Cute Girl Outfits,$22.99,4.8 out of 5 stars,https://www.amazon.com/oklady-Toddler-Clothes-Headband-Outfits/dp/B0C48Z4BQW/ref=sr_1_55?keywords=baby+cloth&qid=1694423543&sr=8-55,https://m.media-amazon.com/images/I/71Vf6Jz19nL._AC_UL400_.jpg
"Simple Joys by Carter's Unisex Babies' Cotton Footed Sleep and Play, Pack of 3",$24.70,4.8 out of 5 stars,https://www.amazon.com/Simple-Joys-Carters-Neutral-Elephant/dp/B075YZ1963/ref=sr_1_56?keywords=baby+cloth&qid=1694423543&sr=8-56,https://m.media-amazon.com/images/I/91HuntPlNGL._AC_UL400_.jpg
"Simple Joys by Carter's Baby Boys' Rompers, Pack of 3",$23.80,4.8 out of 5 stars,https://www.amazon.com/Simple-Joys-Carters-Rompers-Turquoise/dp/B071WLRQ7R/ref=sr_1_57?keywords=baby+cloth&qid=1694423543&sr=8-57,https://m.media-amazon.com/images/I/91++RyE-DRL._AC_UL400_.jpg
farrubbyine8 Baby Girl Halloween Outfit Cute Pumpkin Romper Long Sleeve Bodysuit First Halloween Outfit Baby Girl Clothes,$14.99,4.7 out of 5 stars,https://www.amazon.com/Halloween-Pumpkin-Bodysuit-Newborn-Clothes/dp/B0C9GNKC69/ref=sr_1_58?keywords=baby+cloth&qid=1694423543&sr=8-58,https://m.media-amazon.com/images/I/71002S1VXgL._MCnd_AC_UL400_.jpg
SOLOYEE Baby Boy Clothes Suits Infant Gentleman Outfits Long Sleeve Dress+Suspender Pants+Bowtie+Beret Hat Wedding Set 3-18M,$28.19,5.0 out of 5 stars,https://www.amazon.com/SOLOYEE-Clothes-Gentleman-Suspender-Birthday/dp/B0C7B4KY4P/ref=sr_1_59?keywords=baby+cloth&qid=1694423543&sr=8-59,https://m.media-amazon.com/images/I/7177ND9XxyL._AC_UL400_.jpg
"Simple Joys by Carter's Unisex Babies' Short-Sleeve Bodysuit, Multipacks",$18.10,4.8 out of 5 stars,https://www.amazon.com/Simple-Joys-Carters-Short-Sleeve-Bodysuit/dp/B072V8T1KP/ref=sr_1_60?keywords=baby+cloth&qid=1694423543&sr=8-60,https://m.media-amazon.com/images/I/91oN-swVBVL._AC_UL400_.jpg
